user_id,music_id,rating
92,35,1
5,0,1
23,6,1
76,18,1
76,68,1
70,98,1
41,40,1
72,78,1
66,26,1
7,95,1
34,64,1
22,5,1
40,48,1
28,27,1
94,44,1
36,74,1
4,60,1
9,98,1
48,72,1
50,64,1
59,13,1
71,97,1
90,5,1
99,2,1
59,96,1
50,60,1
39,39,1
25,36,1
5,2,1
79,56,1
13,14,1
49,3,1
69,99,1
17,10,1
83,94,1
2,65,1
70,6,1
28,78,1
40,32,1
8,92,1
64,97,1
81,86,1
87,5,1
28,16,1
87,17,1
91,0,1
44,24,1
54,13,1
69,88,1
30,71,1
65,88,1
79,70,1
51,55,1
73,94,1
10,69,1
93,86,1
99,6,1
45,86,1
63,68,1
56,34,1
83,50,1
39,83,1
68,70,1
61,54,1
71,80,1
88,72,1
84,77,1
86,7,1
66,5,1
51,70,1
79,29,1
76,51,1
77,17,1
80,68,1
65,65,1
42,14,1
23,6,1
88,66,1
30,15,1
75,62,1
20,1,1
13,33,1
68,13,1
60,31,1
91,67,1
17,53,1
17,59,1
56,20,1
34,8,1
51,61,1
27,7,1
0,39,1
39,51,1
48,79,1
39,48,1
37,73,1
20,31,1
63,52,1
69,37,1
48,36,1
51,42,1
76,96,1
80,6,1
77,49,1
24,72,1
81,32,1
23,62,1
73,91,1
17,17,1
1,68,1
94,19,1
39,20,1
87,93,1
84,16,1
18,58,1
10,94,1
63,88,1
76,55,1
72,42,1
84,37,1
16,61,1
53,81,1
35,76,1
47,9,1
73,57,1
8,64,1
53,66,1
76,42,1
12,87,1
84,54,1
62,17,1
44,61,1
65,64,1
85,25,1
23,48,1
70,27,1
46,15,1
43,81,1
69,28,1
43,59,1
46,48,1
81,29,1
85,26,1
56,31,1
23,50,1
56,45,1
34,6,1
37,12,1
98,15,1
1,51,1
79,57,1
77,25,1
94,16,1
96,94,1
14,62,1
57,93,1
49,15,1
49,13,1
60,79,1
59,60,1
78,51,1
15,90,1
68,35,1
93,69,1
57,93,1
55,66,1
61,88,1
26,99,1
18,6,1
41,84,1
49,84,1
97,71,1
20,3,1
42,64,1
95,2,1
87,64,1
42,72,1
26,63,1
45,90,1
46,59,1
55,12,1
44,27,1
90,23,1
31,7,1
15,14,1
22,57,1
60,7,1
75,3,1
99,82,1
20,98,1
29,93,1
24,47,1
67,37,1
98,46,1
85,94,1
5,61,1
11,26,1
29,59,1
89,82,1
50,28,1
36,33,1
50,47,1
46,60,1
66,37,1
85,33,1
68,65,1
55,59,1
86,65,1
71,66,1
9,85,1
59,16,1
12,50,1
15,2,1
35,6,1
74,27,1
37,89,1
31,93,1
73,64,1
30,40,1
22,98,1
0,3,1
84,56,1
54,37,1
77,2,1
64,30,1
38,65,1
96,33,1
86,82,1
67,7,1
89,18,1
72,99,1
16,58,1
46,75,1
69,39,1
75,46,1
50,84,1
27,17,1
61,68,1
26,23,1
56,5,1
20,61,1
39,35,1
88,71,1
80,26,1
39,72,1
93,30,1
96,80,1
11,20,1
17,10,1
74,46,1
78,53,1
51,59,1
81,53,1
48,58,1
71,77,1
52,89,1
10,83,1
32,42,1
20,58,1
29,18,1
18,34,1
58,64,1
91,54,1
19,36,1
22,60,1
95,37,1
84,41,1
51,82,1
13,70,1
29,66,1
6,93,1
8,72,1
2,85,1
34,41,1
67,9,1
59,81,1
28,20,1
89,54,1
94,20,1
81,98,1
54,5,1
25,1,1
9,52,1
27,37,1
70,42,1
2,13,1
9,99,1
46,16,1
80,53,1
84,64,1
48,56,1
91,59,1
71,79,1
28,82,1
22,68,1
27,28,1
75,84,1
36,58,1
59,82,1
23,48,1
18,35,1
74,93,1
41,98,1
25,59,1
69,1,1
95,23,1
39,85,1
5,55,1
82,69,1
43,81,1
13,88,1
33,73,1
80,59,1
24,37,1
73,57,1
92,82,1
94,0,1
17,93,1
58,57,1
14,18,1
68,70,1
30,72,1
27,93,1
51,52,1
42,37,1
33,71,1
65,87,1
53,49,1
79,90,1
27,72,1
87,77,1
12,37,1
3,33,1
15,54,1
75,22,1
93,53,1
22,56,1
31,70,1
79,31,1
53,12,1
64,47,1
27,37,1
81,24,1
6,93,1
23,34,1
55,73,1
10,37,1
63,1,1
80,91,1
67,23,1
61,28,1
1,67,1
34,59,1
32,40,1
53,20,1
99,81,1
20,19,1
40,92,1
68,66,1
50,5,1
25,58,1
97,95,1
8,53,1
26,38,1
47,73,1
90,31,1
99,93,1
42,10,1
72,70,1
19,36,1
41,21,1
11,12,1
87,97,1
51,66,1
67,98,1
76,75,1
12,28,1
64,60,1
1,29,1
26,74,1
63,54,1
44,48,1
43,44,1
70,93,1
18,85,1
41,62,1
16,2,1
6,2,1
3,68,1
12,26,1
50,10,1
72,53,1
99,86,1
1,28,1
77,64,1
88,89,1
27,28,1
98,95,1
20,4,1
7,73,1
30,42,1
62,87,1
10,48,1
0,93,1
83,76,1
81,7,1
96,89,1
47,6,1
66,56,1
79,82,1
65,70,1
59,21,1
67,77,1
51,30,1
52,83,1
66,71,1
41,26,1
68,65,1
27,18,1
57,78,1
97,38,1
63,21,1
21,50,1
98,67,1
9,2,1
83,3,1
85,56,1
83,42,1
94,29,1
64,22,1
24,28,1
23,96,1
52,63,1
34,7,1
75,16,1
10,20,1
61,4,1
27,35,1
65,9,1
53,78,1
37,41,1
41,65,1
99,38,1
88,81,1
16,91,1
85,68,1
10,3,1
22,30,1
97,74,1
69,88,1
18,71,1
47,5,1
4,80,1
56,2,1
57,24,1
93,7,1
2,40,1
3,28,1
40,70,1
5,2,1
93,51,1
21,75,1
24,70,1
31,13,1
74,91,1
41,47,1
29,94,1
89,68,1
35,15,1
23,48,1
53,73,1
56,43,1
61,85,1
86,7,1
84,31,1
75,48,1
14,88,1
50,18,1
60,59,1
80,57,1
66,2,1
73,59,1
0,14,1
3,69,1
56,62,1
34,46,1
2,18,1
53,1,1
57,76,1
52,89,1
66,98,1
53,88,1
42,67,1
56,76,1
38,39,1
42,36,1
27,15,1
33,46,1
90,29,1
78,56,1
73,70,1
49,49,1
38,40,1
17,12,1
95,67,1
28,28,1
49,87,1
93,13,1
84,45,1
46,61,1
9,51,1
8,76,1
22,54,1
65,13,1
21,73,1
70,45,1
29,80,1
98,24,1
63,40,1
88,54,1
50,91,1
23,30,1
93,93,1
61,48,1
44,87,1
15,78,1
17,98,1
29,84,1
83,44,1
64,29,1
36,59,1
10,85,1
30,52,1
59,40,1
16,93,1
28,91,1
40,55,1
85,88,1
94,74,1
9,28,1
59,94,1
54,39,1
55,74,1
44,68,1
27,97,1
44,24,1
82,54,1
60,16,1
86,16,1
0,40,1
77,25,1
25,88,1
9,45,1
46,9,1
80,80,1
95,59,1
74,97,1
48,26,1
95,81,1
48,26,1
58,30,1
93,50,1
58,5,1
39,65,1
94,25,1
40,53,1
70,60,1
8,12,1
40,24,1
29,39,1
78,5,1
49,87,1
36,29,1
62,57,1
2,5,1
77,82,1
31,82,1
33,74,1
92,50,1
5,10,1
41,5,1
64,6,1
56,24,1
23,46,1
95,75,1
83,9,1
84,84,1
64,4,1
57,49,1
34,94,1
38,47,1
16,25,1
40,15,1
3,6,1
40,48,1
83,72,1
61,54,1
12,27,1
89,10,1
86,76,1
68,84,1
15,55,1
42,95,1
58,21,1
77,58,1
30,23,1
8,78,1
15,11,1
84,22,1
31,90,1
75,69,1
76,59,1
44,67,1
17,80,1
64,63,1
18,53,1
43,93,1
14,76,1
0,28,1
31,83,1
88,22,1
35,97,1
92,89,1
75,14,1
52,51,1
80,21,1
0,48,1
60,83,1
51,27,1
85,90,1
65,28,1
9,61,1
57,74,1
24,80,1
47,96,1
92,61,1
93,16,1
63,22,1
54,32,1
33,76,1
24,80,1
58,0,1
88,18,1
10,90,1
48,51,1
22,70,1
19,91,1
17,89,1
92,64,1
37,93,1
47,34,1
84,82,1
0,98,1
81,81,1
70,31,1
68,26,1
76,60,1
35,66,1
37,63,1
72,67,1
1,67,1
64,97,1
72,39,1
46,91,1
97,38,1
97,56,1
13,95,1
28,52,1
65,48,1
66,61,1
2,89,1
47,0,1
32,92,1
56,49,1
1,69,1
39,89,1
10,71,1
1,73,1
66,38,1
98,87,1
81,84,1
13,72,1
35,64,1
20,12,1
49,66,1
68,10,1
99,64,1
38,68,1
48,54,1
96,48,1
11,9,1
47,13,1
87,55,1
21,14,1
52,75,1
55,90,1
84,78,1
38,9,1
38,51,1
64,11,1
7,58,1
32,61,1
59,70,1
26,89,1
77,74,1
66,38,1
14,13,1
24,77,1
49,47,1
14,62,1
20,40,1
8,63,1
65,15,1
80,51,1
53,77,1
37,48,1
31,58,1
99,0,1
70,24,1
6,46,1
66,56,1
7,81,1
73,79,1
86,38,1
77,71,1
73,71,1
18,51,1
37,7,1
44,98,1
24,17,1
20,78,1
72,31,1
7,91,1
7,85,1
24,29,1
40,11,1
65,34,1
63,81,1
6,47,1
62,50,1
22,33,1
9,26,1
27,81,1
73,59,1
91,14,1
32,22,1
87,40,1
64,48,1
11,9,1
88,85,1
39,43,1
5,61,1
70,47,1
83,7,1
49,9,1
99,35,1
86,66,1
98,26,1
27,76,1
47,16,1
17,77,1
75,45,1
81,46,1
22,45,1
25,87,1
2,26,1
1,60,1
37,77,1
88,39,1
90,20,1
83,14,1
80,37,1
54,66,1
66,2,1
55,38,1
47,60,1
97,90,1
44,17,1
7,17,1
35,27,1
37,27,1
51,47,1
17,57,1
15,70,1
41,47,1
9,93,1
87,59,1
58,1,1
20,18,1
38,83,1
86,43,1
26,38,1
74,89,1
29,53,1
94,71,1
2,60,1
52,51,1
49,5,1
43,38,1
74,79,1
70,88,1
62,72,1
3,86,1
83,59,1
79,8,1
21,93,1
68,7,1
93,31,1
18,69,1
25,87,1
11,30,1
52,40,1
29,59,1
83,32,1
87,83,1
19,37,1
2,65,1
26,32,1
97,51,1
1,75,1
73,62,1
29,46,1
66,64,1
62,58,1
16,23,1
30,69,1
99,67,1
96,19,1
8,43,1
3,32,1
18,12,1
15,86,1
6,48,1
79,37,1
4,20,1
60,78,1
64,47,1
43,11,1
11,48,1
86,53,1
77,81,1
75,70,1
4,25,1
89,76,1
29,80,1
37,44,1
76,11,1
18,50,1
93,31,1
54,64,1
20,5,1
23,42,1
14,3,1
73,30,1
71,38,1
93,14,1
44,63,1
55,42,1
35,87,1
16,84,1
1,34,1
6,12,1
13,44,1
26,27,1
64,77,1
97,51,1
90,75,1
9,55,1
19,73,1
85,60,1
8,95,1
34,37,1
77,16,1
55,62,1
4,80,1
20,92,1
59,3,1
98,69,1
70,51,1
24,81,1
5,82,1
33,63,1
22,72,1
40,98,1
11,23,1
44,50,1
12,93,1
50,62,1
17,27,1
10,24,1
61,21,1
72,77,1
14,4,1
53,18,1
49,5,1
77,93,1
71,32,1
29,90,1
66,23,1
28,9,1
65,46,1
96,5,1
40,87,1
2,25,1
0,20,1
71,94,1
82,38,1
45,91,1
28,44,1
90,71,1
38,25,1
10,63,1
90,30,1
28,26,1
68,4,1
21,86,1
55,28,1
74,58,1
56,86,1
30,49,1
70,27,1
12,76,1
53,63,1
49,48,1
3,70,1
35,73,1
15,53,1
83,33,1
32,10,1
58,1,1
96,17,1
17,4,1
44,23,1
13,2,1
35,49,1
53,55,1
90,69,1
21,72,1
61,93,1
72,61,1
25,21,1
53,83,1
3,70,1
30,94,1
41,55,1
39,94,1
2,85,1
64,36,1
85,35,1
64,41,1
88,92,1
73,27,1
26,63,1
11,8,1
38,22,1
18,97,1
99,94,1
96,91,1
23,2,1
23,58,1
73,51,1
69,89,1
12,68,1
25,36,1
13,2,1
72,96,1
72,84,1
85,94,1
45,22,1
7,5,1
66,46,1
56,13,1
80,20,1
40,6,1
3,60,1
96,65,1
92,69,1
11,74,1
31,70,1
70,63,1
60,97,1
95,89,1
18,24,1
99,1,1
45,76,1
11,8,1
92,15,1
52,23,1
86,22,1
39,71,1
95,56,1
96,14,1
18,56,1
92,68,1
52,33,1
86,26,1
5,90,1
72,15,1
87,51,1
77,43,1
24,10,1
48,11,1
69,86,1
89,55,1
39,72,1
53,55,1
29,67,1
90,51,1
42,13,1
65,61,1
55,14,1
46,59,1
14,8,1
67,52,1
78,68,1
33,96,1
2,77,1
72,89,1
75,86,1
68,71,1
7,37,1
88,57,1
5,26,1
71,42,1
22,91,1
47,41,1
43,5,1
16,45,1
4,32,1
24,77,1
50,46,1
86,67,1
92,76,1
15,26,1
72,38,1
82,5,1
62,56,1
78,61,1
20,68,1
58,72,1
21,16,1
23,22,1
87,43,1
61,47,1
71,74,1
93,97,1
14,70,1
55,70,1
93,36,1
75,80,1
11,93,1
58,41,1
67,66,1
75,6,1
88,61,1
37,94,1
9,87,1
79,15,1
34,23,1
13,93,1
27,31,1
34,14,1
68,2,1
31,49,1
22,97,1
65,54,1
30,39,1
24,47,1
7,37,1
3,69,1
65,41,1
41,1,1
69,25,1
19,7,1
92,98,1
44,81,1
72,9,1
38,85,1
3,18,1
55,53,1
23,83,1
41,10,1
78,92,1
9,69,1
88,72,1
60,79,1
41,24,1
86,51,1
77,23,1
16,85,1
58,41,1
44,66,1
10,63,1
27,45,1
62,20,1
41,47,1
75,29,1
59,37,1
99,11,1
56,44,1
24,46,1
53,91,1
23,96,1
93,20,1
70,14,1
4,51,1
39,82,1
14,5,1
36,24,1
4,65,1
82,13,1
48,53,1
83,23,1
11,16,1
72,16,1
20,74,1
34,10,1
94,92,1
92,42,1
97,40,1
27,22,1
17,20,1
71,13,1
51,81,1
47,80,1
84,88,1
72,78,1
9,23,1
27,27,1
49,97,1
77,41,1
64,96,1
59,48,1
16,33,1
21,92,1
49,46,1
25,26,1
1,74,1
24,95,1
29,10,1
28,27,1
31,24,1
76,93,1
71,48,1
74,30,1
33,86,1
4,94,1
4,10,1
43,22,1
81,49,1
91,63,1
13,90,1
55,74,1
99,0,1
86,24,1
19,79,1
79,76,1
59,50,1
79,6,1
19,72,1
49,8,1
24,35,1
79,17,1
59,73,1
53,84,1
69,89,1
84,8,1
78,2,1
99,55,1
23,79,1
12,2,1
4,68,1
82,61,1
13,73,1
61,37,1
46,4,1
22,83,1
45,88,1
79,46,1
42,34,1
64,65,1
46,45,1
12,30,1
3,2,1
50,82,1
50,98,1
5,30,1
33,29,1
77,40,1
61,20,1
59,5,1
16,80,1
64,38,1
43,16,1
54,7,1
58,5,1
90,16,1
75,27,1
32,66,1
92,51,1
64,16,1
94,52,1
37,18,1
90,57,1
11,3,1
20,91,1
57,68,1
7,11,1
13,81,1
62,8,1
96,82,1
39,73,1
16,52,1
21,27,1
38,41,1
31,55,1
80,66,1
82,43,1
26,44,1
58,19,1
57,93,1
57,21,1
95,1,1
98,27,1
55,9,1
84,92,1
78,55,1
73,15,1
55,5,1
95,67,1
53,55,1
72,15,1
4,59,1
8,79,1
60,98,1
99,0,1
79,50,1
50,18,1
96,88,1
8,80,1
41,96,1
54,79,1
90,67,1
26,45,1
86,81,1
63,5,1
17,11,1
27,12,1
92,74,1
60,81,1
63,18,1
20,84,1
60,70,1
35,23,1
17,21,1
76,38,1
63,88,1
23,98,1
29,85,1
63,74,1
46,70,1
7,75,1
60,96,1
37,16,1
21,34,1
69,63,1
31,96,1
51,26,1
2,88,1
91,4,1
65,34,1
26,10,1
33,17,1
5,53,1
59,8,1
4,24,1
94,28,1
46,74,1
68,21,1
63,18,1
71,59,1
76,74,1
67,99,1
50,10,1
2,46,1
83,33,1
49,67,1
39,75,1
55,78,1
78,48,1
98,73,1
59,28,1
3,97,1
6,7,1
59,71,1
51,43,1
83,19,1
84,28,1
30,97,1
58,4,1
25,89,1
33,69,1
53,69,1
39,68,1
14,36,1
85,3,1
58,64,1
97,53,1
48,50,1
2,22,1
97,22,1
5,1,1
75,98,1
80,6,1
70,26,1
47,68,1
22,60,1
64,35,1
15,20,1
49,37,1
87,94,1
71,55,1
5,54,1
46,89,1
42,95,1
51,6,1
4,60,1
58,46,1
43,98,1
68,44,1
37,45,1
86,57,1
34,90,1
69,11,1
54,23,1
36,8,1
58,10,1
88,59,1
95,15,1
71,72,1
69,25,1
87,32,1
94,25,1
67,13,1
61,17,1
28,83,1
97,98,1
50,82,1
78,98,1
71,45,1
66,95,1
63,54,1
21,19,1
38,60,1
20,28,1
59,96,1
61,6,1
21,32,1
97,63,1
67,83,1
24,42,1
87,97,1
56,90,1
64,28,1
50,23,1
77,96,1
68,27,1
25,17,1
95,29,1
21,91,1
95,55,1
4,32,1
21,39,1
20,85,1
6,1,1
58,97,1
91,35,1
6,94,1
7,58,1
94,15,1
44,32,1
92,2,1
11,88,1
43,14,1
40,73,1
66,66,1
18,96,1
49,87,1
18,79,1
58,59,1
89,88,1
99,94,1
25,88,1
36,81,1
77,25,1
35,14,1
81,91,1
45,65,1
71,1,1
34,95,1
80,52,1
34,80,1
1,91,1
24,34,1
89,68,1
37,77,1
20,70,1
69,38,1
9,78,1
20,84,1
18,6,1
68,32,1
88,89,1
47,93,1
99,53,1
13,51,1
58,50,1
80,62,1
44,19,1
3,93,1
44,46,1
96,24,1
94,29,1
34,10,1
37,48,1
92,66,1
94,52,1
61,39,1
40,17,1
70,42,1
43,86,1
57,27,1
13,27,1
38,32,1
73,3,1
92,22,1
36,37,1
51,96,1
0,23,1
57,75,1
19,34,1
60,19,1
53,49,1
33,11,1
3,84,1
30,93,1
99,65,1
27,73,1
27,82,1
40,64,1
65,61,1
27,85,1
53,69,1
2,57,1
55,17,1
25,71,1
3,1,1
56,10,1
88,59,1
89,15,1
9,72,1
75,35,1
41,89,1
9,79,1
95,94,1
75,37,1
11,66,1
13,22,1
20,61,1
31,14,1
95,94,1
5,30,1
35,16,1
60,1,1
79,94,1
12,11,1
20,39,1
2,33,1
91,78,1
62,95,1
34,17,1
60,90,1
50,80,1
96,93,1
54,70,1
29,96,1
10,42,1
96,39,1
24,45,1
95,81,1
41,70,1
23,97,1
51,65,1
31,95,1
16,49,1
15,36,1
59,20,1
61,16,1
6,18,1
23,94,1
33,74,1
54,78,1
77,39,1
5,78,1
27,93,1
15,92,1
97,99,1
57,28,1
43,28,1
17,2,1
27,36,1
10,41,1
32,47,1
3,91,1
78,44,1
2,41,1
51,3,1
15,40,1
57,58,1
31,0,1
72,46,1
38,11,1
93,26,1
17,13,1
39,33,1
77,17,1
76,70,1
46,72,1
89,6,1
54,90,1
36,28,1
87,37,1
53,25,1
91,55,1
80,93,1
78,20,1
41,44,1
53,62,1
34,48,1
69,42,1
70,27,1
11,19,1
9,34,1
56,25,1
46,58,1
5,36,1
47,74,1
46,18,1
88,97,1
32,50,1
19,18,1
21,2,1
81,48,1
33,84,1
60,22,1
49,14,1
21,87,1
46,90,1
78,22,1
9,7,1
26,6,1
70,60,1
37,66,1
13,67,1
53,57,1
37,75,1
9,14,1
14,25,1
26,58,1
84,99,1
86,66,1
90,17,1
44,62,1
46,41,1
9,57,1
88,38,1
96,91,1
36,25,1
10,81,1
40,24,1
7,88,1
3,94,1
26,71,1
82,35,1
89,35,1
25,61,1
62,86,1
62,17,1
39,90,1
91,82,1
48,26,1
85,77,1
99,11,1
52,50,1
46,12,1
46,0,1
74,34,1
60,86,1
15,19,1
79,43,1
4,45,1
6,0,1
99,75,1
38,49,1
36,78,1
66,47,1
75,23,1
7,55,1
16,82,1
53,37,1
66,55,1
73,2,1
1,66,1
58,21,1
31,13,1
69,68,1
94,83,1
45,40,1
87,37,1
90,34,1
29,38,1
58,62,1
81,45,1
35,77,1
85,1,1
12,94,1
75,3,1
5,54,1
68,97,1
2,9,1
83,50,1
84,62,1
96,98,1
80,97,1
64,42,1
75,66,1
23,93,1
53,38,1
30,65,1
27,53,1
25,76,1
17,90,1
84,91,1
28,18,1
30,18,1
89,64,1
48,41,1
72,83,1
23,3,1
21,27,1
37,42,1
77,42,1
85,47,1
34,41,1
97,77,1
96,36,1
86,11,1
18,44,1
0,64,1
33,15,1
70,20,1
46,34,1
30,68,1
39,6,1
15,43,1
58,42,1
34,80,1
6,77,1
66,36,1
54,46,1
72,55,1
51,32,1
24,68,1
13,3,1
27,22,1
20,69,1
70,68,1
28,54,1
66,4,1
76,84,1
81,56,1
87,27,1
23,41,1
29,89,1
53,37,1
33,31,1
81,56,1
86,61,1
39,42,1
11,8,1
58,91,1
21,3,1
80,47,1
31,87,1
63,12,1
30,62,1
92,53,1
62,43,1
34,20,1
42,29,1
37,0,1
58,7,1
13,69,1
17,6,1
94,75,1
77,62,1
1,64,1
22,30,1
0,36,1
81,88,1
59,13,1
93,21,1
43,88,1
97,19,1
79,11,1
11,51,1
82,52,1
57,16,1
95,31,1
35,63,1
96,14,1
47,39,1
20,24,1
73,92,1
50,75,1
0,9,1
75,20,1
26,36,1
63,51,1
6,60,1
82,51,1
25,86,1
18,26,1
24,19,1
94,11,1
44,81,1
45,21,1
19,71,1
42,43,1
88,30,1
62,66,1
51,68,1
12,41,1
32,58,1
72,77,1
25,77,1
64,50,1
42,8,1
33,79,1
92,51,1
59,30,1
41,89,1
6,54,1
23,3,1
12,88,1
83,94,1
25,85,1
27,77,1
90,42,1
47,0,1
92,13,1
98,95,1
74,90,1
80,18,1
92,65,1
12,23,1
54,38,1
25,31,1
36,40,1
95,95,1
50,30,1
38,75,1
99,98,1
75,29,1
38,45,1
73,85,1
63,35,1
51,56,1
71,61,1
31,25,1
38,49,1
50,17,1
26,93,1
20,93,1
79,99,1
81,60,1
46,15,1
80,49,1
13,28,1
27,48,1
2,64,1
47,85,1
74,5,1
11,31,1
80,59,1
80,0,1
71,82,1
93,8,1
40,48,1
21,25,1
23,66,1
79,57,1
2,78,1
30,72,1
29,68,1
79,55,1
47,20,1
0,80,1
3,36,1
78,48,1
11,14,1
50,23,1
82,39,1
67,0,1
23,26,1
79,85,1
61,11,1
2,60,1
84,26,1
97,54,1
99,65,1
9,76,1
55,85,1
79,32,1
68,94,1
94,4,1
14,53,1
36,99,1
47,36,1
97,58,1
29,8,1
19,90,1
84,75,1
53,29,1
92,8,1
82,92,1
76,26,1
24,25,1
58,42,1
72,77,1
74,26,1
3,3,1
24,94,1
33,25,1
6,10,1
51,0,1
12,40,1
73,17,1
21,68,1
28,23,1
2,45,1
32,40,1
94,95,1
48,39,1
47,68,1
6,32,1
63,55,1
13,31,1
1,45,1
69,93,1
76,3,1
41,84,1
21,85,1
32,5,1
41,79,1
39,21,1
44,26,1
43,80,1
58,47,1
0,36,1
33,55,1
96,66,1
95,14,1
4,42,1
29,31,1
16,21,1
31,74,1
53,33,1
62,28,1
6,41,1
2,78,1
75,39,1
17,40,1
93,12,1
44,22,1
90,85,1
69,42,1
63,50,1
28,72,1
82,39,1
94,22,1
0,64,1
21,24,1
26,15,1
41,66,1
3,17,1
47,29,1
18,59,1
50,68,1
91,41,1
28,35,1
13,49,1
18,12,1
75,4,1
69,11,1
67,61,1
53,60,1
95,62,1
45,90,1
36,1,1
34,85,1
53,82,1
45,52,1
46,27,1
83,69,1
39,38,1
80,59,1
48,99,1
33,89,1
29,60,1
32,11,1
76,1,1
42,37,1
2,92,1
21,72,1
90,10,1
23,59,1
31,28,1
79,28,1
90,88,1
5,40,1
75,19,1
64,56,1
65,19,1
93,76,1
52,23,1
50,8,1
33,44,1
54,51,1
96,40,1
79,31,1
92,12,1
36,51,1
23,55,1
93,90,1
16,29,1
43,45,1
45,11,1
40,38,1
89,99,1
53,59,1
10,5,1
55,1,1
34,24,1
72,57,1
17,89,1
87,69,1
27,17,1
39,68,1
42,75,1
0,28,1
92,27,1
72,61,1
54,91,1
18,44,1
47,38,1
20,67,1
60,14,1
40,93,1
71,91,1
17,37,1
1,40,1
63,36,1
15,23,1
45,66,1
10,27,1
53,69,1
27,16,1
81,75,1
41,89,1
13,46,1
78,25,1
23,55,1
30,14,1
57,80,1
3,46,1
98,61,1
33,58,1
99,65,1
62,37,1
49,10,1
84,52,1
47,87,1
79,73,1
70,56,1
92,68,1
6,39,1
29,75,1
76,59,1
83,84,1
0,0,1
11,3,1
82,12,1
55,9,1
42,93,1
22,22,1
83,75,1
39,56,1
62,26,1
76,53,1
73,15,1
61,78,1
1,62,1
81,57,1
57,66,1
46,49,1
27,33,1
92,99,1
87,66,1
51,80,1
7,59,1
13,92,1
93,30,1
30,85,1
4,11,1
28,10,1
79,37,1
17,92,1
15,88,1
6,16,1
59,99,1
56,51,1
68,84,1
66,98,1
7,80,1
60,52,1
30,37,1
30,41,1
71,11,1
4,27,1
55,93,1
54,21,1
67,72,1
90,65,1
85,27,1
57,68,1
42,84,1
48,89,1
54,24,1
5,64,1
80,32,1
16,22,1
59,61,1
50,79,1
22,59,1
59,92,1
40,99,1
83,60,1
13,41,1
66,84,1
37,52,1
61,62,1
85,32,1
31,45,1
61,81,1
62,27,1
12,62,1
86,5,1
25,63,1
50,88,1
22,5,1
51,99,1
38,62,1
4,7,1
14,35,1
0,63,1
58,25,1
7,31,1
99,45,1
5,25,1
78,4,1
52,46,1
6,65,1
70,67,1
65,78,1
20,59,1
48,88,1
26,57,1
15,53,1
67,45,1
64,7,1
92,48,1
4,42,1
38,51,1
78,37,1
83,29,1
25,29,1
40,5,1
62,17,1
11,90,1
58,71,1
87,84,1
54,67,1
4,16,1
34,76,1
98,61,1
71,14,1
55,91,1
38,63,1
15,54,1
7,45,1
40,54,1
99,10,1
33,27,1
53,35,1
60,50,1
48,61,1
22,40,1
5,70,1
45,99,1
13,51,1
63,16,1
83,91,1
73,50,1
41,7,1
56,48,1
78,60,1
7,45,1
6,44,1
73,41,1
30,88,1
6,2,1
69,39,1
51,58,1
15,82,1
71,35,1
97,27,1
26,62,1
63,26,1
44,33,1
62,16,1
76,50,1
11,56,1
28,2,1
40,68,1
73,96,1
28,62,1
86,23,1
87,16,1
20,86,1
87,41,1
13,54,1
84,27,1
31,28,1
42,26,1
14,39,1
39,98,1
96,2,1
8,21,1
65,62,1
6,76,1
94,29,1
46,99,1
0,48,1
79,60,1
77,73,1
23,38,1
4,2,1
27,82,1
24,42,1
72,35,1
89,81,1
49,90,1
64,65,1
82,20,1
49,74,1
49,21,1
93,98,1
43,49,1
41,32,1
98,98,1
88,70,1
68,27,1
48,57,1
6,36,1
39,22,1
66,59,1
76,38,1
54,95,1
79,79,1
99,95,1
29,94,1
72,19,1
37,42,1
61,10,1
80,22,1
58,90,1
72,49,1
94,3,1
51,72,1
67,48,1
71,69,1
15,16,1
78,50,1
56,27,1
66,72,1
26,62,1
10,50,1
56,14,1
17,42,1
32,28,1
40,52,1
34,85,1
44,3,1
38,65,1
97,80,1
47,61,1
90,85,1
97,1,1
93,58,1
3,55,1
36,86,1
90,68,1
62,87,1
65,47,1
8,19,1
65,99,1
61,78,1
79,88,1
73,90,1
77,70,1
81,33,1
33,9,1
35,70,1
16,15,1
88,26,1
37,59,1
87,49,1
13,28,1
47,38,1
1,60,1
56,44,1
89,27,1
65,97,1
79,75,1
11,69,1
72,74,1
80,35,1
27,39,1
86,51,1
80,66,1
88,6,1
23,23,1
11,39,1
30,10,1
26,77,1
50,81,1
44,80,1
5,83,1
76,42,1
71,90,1
78,89,1
71,35,1
40,21,1
68,47,1
36,46,1
9,70,1
85,90,1
53,95,1
45,37,1
79,92,1
26,36,1
90,75,1
44,34,1
66,13,1
10,12,1
44,22,1
54,80,1
47,65,1
91,18,1
36,41,1
68,89,1
67,57,1
48,23,1
39,72,1
66,13,1
27,52,1
38,6,1
38,83,1
12,56,1
49,35,1
73,59,1
59,37,1
63,68,1
91,12,1
64,55,1
20,7,1
81,89,1
34,73,1
66,44,1
50,64,1
46,82,1
97,71,1
60,38,1
96,2,1
29,56,1
88,43,1
32,49,1
28,83,1
32,79,1
66,73,1
99,1,1
85,0,1
99,43,1
88,1,1
93,30,1
32,34,1
94,40,1
76,31,1
24,32,1
18,62,1
66,65,1
64,73,1
79,0,1
63,61,1
84,54,1
76,8,1
13,34,1
76,95,1
49,34,1
23,42,1
94,81,1
93,41,1
97,98,1
21,41,1
77,16,1
52,12,1
67,69,1
90,9,1
84,25,1
64,83,1
14,81,1
95,56,1
47,22,1
99,57,1
17,29,1
42,89,1
83,47,1
13,87,1
70,54,1
4,8,1
51,93,1
50,77,1
14,96,1
22,36,1
22,3,1
54,58,1
56,32,1
76,92,1
19,25,1
22,22,1
28,76,1
28,45,1
17,30,1
82,19,1
41,78,1
46,31,1
88,56,1
79,48,1
61,45,1
88,27,1
15,7,1
13,64,1
16,30,1
23,36,1
19,10,1
48,23,1
87,38,1
33,98,1
76,80,1
30,40,1
2,57,1
96,17,1
33,3,1
97,67,1
87,95,1
3,23,1
11,66,1
64,89,1
6,75,1
31,42,1
26,62,1
71,48,1
62,10,1
21,56,1
70,41,1
79,84,1
30,62,1
77,17,1
82,56,1
44,62,1
75,91,1
70,60,1
34,85,1
36,94,1
68,17,1
23,8,1
54,66,1
28,99,1
72,5,1
23,34,1
44,33,1
78,70,1
5,8,1
99,84,1
18,97,1
12,41,1
21,60,1
97,72,1
55,18,1
5,92,1
36,42,1
84,28,1
74,42,1
13,7,1
47,60,1
80,61,1
32,39,1
63,51,1
84,30,1
89,37,1
97,60,1
14,71,1
78,65,1
68,95,1
18,5,1
28,88,1
25,57,1
29,23,1
79,8,1
29,16,1
26,7,1
62,89,1
69,57,1
92,18,1
17,21,1
41,54,1
39,65,1
75,53,1
19,0,1
50,47,1
62,94,1
92,74,1
60,50,1
87,83,1
62,69,1
12,98,1
4,7,1
47,93,1
39,16,1
44,15,1
83,29,1
33,65,1
74,10,1
75,69,1
8,87,1
39,43,1
56,63,1
2,66,1
0,26,1
34,15,1
73,65,1
74,36,1
6,0,1
87,36,1
13,44,1
36,87,1
66,47,1
76,74,1
37,64,1
8,31,1
37,65,1
62,55,1
87,36,1
85,95,1
77,62,1
4,47,1
17,47,1
62,46,1
44,28,1
9,91,1
63,49,1
55,36,1
77,87,1
2,47,1
61,37,1
29,95,1
62,29,1
55,63,1
54,52,1
67,18,1
48,63,1
90,52,1
30,36,1
2,40,1
99,41,1
40,82,1
93,17,1
57,36,1
12,4,1
72,52,1
65,59,1
4,25,1
0,33,1
88,52,1
51,14,1
20,43,1
24,19,1
83,48,1
63,18,1
88,72,1
66,59,1
73,32,1
6,56,1
9,23,1
31,48,1
14,57,1
46,81,1
31,99,1
5,86,1
46,4,1
8,48,1
29,30,1
52,22,1
88,48,1
34,24,1
71,58,1
7,52,1
58,53,1
8,77,1
40,53,1
22,91,1
5,97,1
45,92,1
67,58,1
85,56,1
2,6,1
33,60,1
47,9,1
83,42,1
45,50,1
31,10,1
34,79,1
61,24,1
84,87,1
49,85,1
22,27,1
58,3,1
71,53,1
62,61,1
75,53,1
29,47,1
46,69,1
14,50,1
54,25,1
85,4,1
98,70,1
66,55,1
51,61,1
2,86,1
43,4,1
58,53,1
51,93,1
49,59,1
97,60,1
70,39,1
47,98,1
75,55,1
47,96,1
64,35,1
61,40,1
69,78,1
77,2,1
23,18,1
77,96,1
36,41,1
75,54,1
62,94,1
11,78,1
46,50,1
52,77,1
50,86,1
76,29,1
39,7,1
4,36,1
68,51,1
70,29,1
54,86,1
65,0,1
62,61,1
71,15,1
29,3,1
24,1,1
93,75,1
41,32,1
57,43,1
73,42,1
7,66,1
61,52,1
58,79,1
49,5,1
68,45,1
65,59,1
44,47,1
6,7,1
84,19,1
71,2,1
6,30,1
7,52,1
79,22,1
43,24,1
97,38,1
1,78,1
28,80,1
65,24,1
78,86,1
57,24,1
99,86,1
9,70,1
27,64,1
38,21,1
6,4,1
38,9,1
50,53,1
9,88,1
12,81,1
75,5,1
97,56,1
60,68,1
30,41,1
43,61,1
20,87,1
94,16,1
58,12,1
99,49,1
41,21,1
47,86,1
32,15,1
22,67,1
19,42,1
81,32,1
95,68,1
97,52,1
78,95,1
45,52,1
0,53,1
83,19,1
63,67,1
68,14,1
74,58,1
41,41,1
69,57,1
29,90,1
53,74,1
63,6,1
17,15,1
53,13,1
43,22,1
48,93,1
92,37,1
51,84,1
47,60,1
76,5,1
65,76,1
82,96,1
40,47,1
92,75,1
18,54,1
17,15,1
56,75,1
47,29,1
71,97,1
25,65,1
13,53,1
92,51,1
27,7,1
54,43,1
92,21,1
21,90,1
1,47,1
26,98,1
65,25,1
19,72,1
17,38,1
36,7,1
23,54,1
87,2,1
36,1,1
4,62,1
62,70,1
90,30,1
29,25,1
73,1,1
18,11,1
9,23,1
74,71,1
8,76,1
62,37,1
97,89,1
99,34,1
38,31,1
49,26,1
32,98,1
13,20,1
27,4,1
14,2,1
67,22,1
69,25,1
45,81,1
84,90,1
21,13,1
16,73,1
11,6,1
44,72,1
17,92,1
28,79,1
59,44,1
26,86,1
85,45,1
9,22,1
85,69,1
83,41,1
32,41,1
13,71,1
91,45,1
9,57,1
34,58,1
28,29,1
95,65,1
90,11,1
2,78,1
51,53,1
99,42,1
4,63,1
13,73,1
93,98,1
90,53,1
97,49,1
49,42,1
39,98,1
9,40,1
30,89,1
90,80,1
57,80,1
46,67,1
20,41,1
61,64,1
45,37,1
84,47,1
82,78,1
46,28,1
7,57,1
83,67,1
2,51,1
16,96,1
34,17,1
65,39,1
19,41,1
70,68,1
54,56,1
82,33,1
69,18,1
98,61,1
33,16,1
1,39,1
63,86,1
88,63,1
93,23,1
91,64,1
97,4,1
94,22,1
92,88,1
78,52,1
89,34,1
98,40,1
42,0,1
75,40,1
55,96,1
67,13,1
78,86,1
85,19,1
23,43,1
57,4,1
44,12,1
99,83,1
56,37,1
56,34,1
40,0,1
44,74,1
41,21,1
28,26,1
13,37,1
25,3,1
43,32,1
10,84,1
13,54,1
64,71,1
63,31,1
8,75,1
45,62,1
91,13,1
47,68,1
20,48,1
18,52,1
66,86,1
97,18,1
30,4,1
58,11,1
34,49,1
47,51,1
55,70,1
80,48,1
87,32,1
32,69,1
11,41,1
48,95,1
65,72,1
84,3,1
44,44,1
21,53,1
80,6,1
53,17,1
38,33,1
1,73,1
26,73,1
63,2,1
60,57,1
47,83,1
97,34,1
73,95,1
49,85,1
14,91,1
11,27,1
74,81,1
34,90,1
13,80,1
76,54,1
93,97,1
72,34,1
81,19,1
51,69,1
74,55,1
75,85,1
82,9,1
57,98,1
7,80,1
35,41,1
29,70,1
86,2,1
53,79,1
24,30,1
60,14,1
10,69,1
32,5,1
18,35,1
70,25,1
66,96,1
37,9,1
62,43,1
35,91,1
41,95,1
51,51,1
74,99,1
56,47,1
59,48,1
84,88,1
88,40,1
19,85,1
32,89,1
42,39,1
2,96,1
38,3,1
35,24,1
49,20,1
88,58,1
52,47,1
43,51,1
29,55,1
51,79,1
80,82,1
74,66,1
2,80,1
44,71,1
58,59,1
78,2,1
57,42,1
63,28,1
44,90,1
9,70,1
37,59,1
93,77,1
35,25,1
38,84,1
44,72,1
89,22,1
28,9,1
53,47,1
2,85,1
17,59,1
16,2,1
72,37,1
66,61,1
82,70,1
63,62,1
50,8,1
80,30,1
37,78,1
1,52,1
41,78,1
63,75,1
8,35,1
83,4,1
70,66,1
19,50,1
6,22,1
59,56,1
34,74,1
22,43,1
29,38,1
35,52,1
74,82,1
2,6,1
58,96,1
37,71,1
71,6,1
29,16,1
61,66,1
0,41,1
28,57,1
93,29,1
33,82,1
18,51,1
1,51,1
43,62,1
19,73,1
21,65,1
59,38,1
6,82,1
29,88,1
9,68,1
44,21,1
18,18,1
81,1,1
15,81,1
34,63,1
38,16,1
93,88,1
40,28,1
69,86,1
92,95,1
40,59,1
32,39,1
41,1,1
39,51,1
37,17,1
86,28,1
57,2,1
78,68,1
43,47,1
30,21,1
9,9,1
61,25,1
61,60,1
59,37,1
17,83,1
52,85,1
36,4,1
50,22,1
80,97,1
8,65,1
48,4,1
79,93,1
93,28,1
24,57,1
24,39,1
71,5,1
94,32,1
11,3,1
55,63,1
78,24,1
71,53,1
15,94,1
90,33,1
56,42,1
71,32,1
84,74,1
29,64,1
25,44,1
82,62,1
23,4,1
48,87,1
65,76,1
60,81,1
30,51,1
33,87,1
34,64,1
75,49,1
57,32,1
80,91,1
24,24,1
97,8,1
37,46,1
1,62,1
67,8,1
84,84,1
73,37,1
71,32,1
7,69,1
84,85,1
20,96,1
48,71,1
86,32,1
0,83,1
70,51,1
88,88,1
35,70,1
85,87,1
77,47,1
67,38,1
82,35,1
30,16,1
45,88,1
48,64,1
72,23,1
45,13,1
14,39,1
61,4,1
11,56,1
36,89,1
23,42,1
88,62,1
65,63,1
50,52,1
37,50,1
20,76,1
59,33,1
37,57,1
86,25,1
48,62,1
4,89,1
74,65,1
65,96,1
85,54,1
4,47,1
57,88,1
90,51,1
53,80,1
25,47,1
14,52,1
1,65,1
25,37,1
70,86,1
66,75,1
42,89,1
58,17,1
18,3,1
65,1,1
42,73,1
80,64,1
45,80,1
23,95,1
20,59,1
77,89,1
31,20,1
52,32,1
55,90,1
10,65,1
52,97,1
99,81,1
1,3,1
82,39,1
59,50,1
76,95,1
48,57,1
57,62,1
48,19,1
38,72,1
35,89,1
88,12,1
42,62,1
97,70,1
58,17,1
6,47,1
25,2,1
21,21,1
83,79,1
79,59,1
52,23,1
64,98,1
31,39,1
32,49,1
37,34,1
8,24,1
97,48,1
76,9,1
11,82,1
46,6,1
18,24,1
7,54,1
84,74,1
34,99,1
88,32,1
25,68,1
96,12,1
85,86,1
68,77,1
63,68,1
70,59,1
44,20,1
12,16,1
4,81,1
50,57,1
72,65,1
28,17,1
98,97,1
91,93,1
36,67,1
8,72,1
90,65,1
67,87,1
21,77,1
36,25,1
70,92,1
24,20,1
67,72,1
97,52,1
99,63,1
97,28,1
88,71,1
38,64,1
62,15,1
2,83,1
22,27,1
23,68,1
33,96,1
5,89,1
78,5,1
81,73,1
9,38,1
31,16,1
72,62,1
88,59,1
83,29,1
92,59,1
88,58,1
97,78,1
74,71,1
98,26,1
25,52,1
94,72,1
12,86,1
87,42,1
52,93,1
62,40,1
13,17,1
96,32,1
92,98,1
34,61,1
8,40,1
65,3,1
81,17,1
13,21,1
80,27,1
35,73,1
79,42,1
90,41,1
50,78,1
54,85,1
5,78,1
81,53,1
87,50,1
69,87,1
50,41,1
78,84,1
14,68,1
12,15,1
63,91,1
85,8,1
39,65,1
11,23,1
71,74,1
10,76,1
8,76,1
58,81,1
65,58,1
39,51,1
50,57,1
85,34,1
70,90,1
32,90,1
38,88,1
23,52,1
60,17,1
91,78,1
88,4,1
55,5,1
27,3,1
73,66,1
73,43,1
14,88,1
53,74,1
84,48,1
50,46,1
87,12,1
41,84,1
33,6,1
10,74,1
88,86,1
39,1,1
73,25,1
99,45,1
62,49,1
23,8,1
28,38,1
64,3,1
87,41,1
89,24,1
25,33,1
4,48,1
1,13,1
77,79,1
61,28,1
98,5,1
4,37,1
43,6,1
98,68,1
67,94,1
43,45,1
56,69,1
9,53,1
91,43,1
40,55,1
85,85,1
28,6,1
76,53,1
81,84,1
87,68,1
40,68,1
24,98,1
66,36,1
8,13,1
58,32,1
14,57,1
41,9,1
69,67,1
72,7,1
45,42,1
93,9,1
12,9,1
16,57,1
23,82,1
31,25,1
86,49,1
96,46,1
0,27,1
59,2,1
45,32,1
25,60,1
31,79,1
91,25,1
46,45,1
86,51,1
52,16,1
67,82,1
40,75,1
55,97,1
44,97,1
47,92,1
88,64,1
36,44,1
81,37,1
20,43,1
90,62,1
65,26,1
86,86,1
48,69,1
95,34,1
32,84,1
16,88,1
49,87,1
96,60,1
20,90,1
85,15,1
67,37,1
99,92,1
71,75,1
54,12,1
93,37,1
12,39,1
37,85,1
11,31,1
87,73,1
67,61,1
41,82,1
34,29,1
72,64,1
47,44,1
1,73,1
67,24,1
68,55,1
41,10,1
88,46,1
39,78,1
43,20,1
37,54,1
64,32,1
70,4,1
82,8,1
65,65,1
88,14,1
36,40,1
68,63,1
68,44,1
35,74,1
27,34,1
84,0,1
14,4,1
64,49,1
19,59,1
96,89,1
39,78,1
84,63,1
73,43,1
57,34,1
6,10,1
89,64,1
2,44,1
88,63,1
1,53,1
81,63,1
55,57,1
20,18,1
9,45,1
5,23,1
81,71,1
75,13,1
58,68,1
64,46,1
83,90,1
14,64,1
6,21,1
60,95,1
19,27,1
88,44,1
16,61,1
80,4,1
40,51,1
30,28,1
29,38,1
61,27,1
14,29,1
9,26,1
12,46,1
82,13,1
10,50,1
66,44,1
74,94,1
32,89,1
13,65,1
23,15,1
71,10,1
59,30,1
67,64,1
7,15,1
46,24,1
6,49,1
10,18,1
77,17,1
46,23,1
27,78,1
98,1,1
52,30,1
74,46,1
49,86,1
46,27,1
8,69,1
75,13,1
90,87,1
41,11,1
60,49,1
1,59,1
43,82,1
84,75,1
95,55,1
22,80,1
57,5,1
33,80,1
70,9,1
43,6,1
66,92,1
93,60,1
31,17,1
21,55,1
22,88,1
7,88,1
83,96,1
64,76,1
86,52,1
74,79,1
7,63,1
50,30,1
44,47,1
98,64,1
9,28,1
7,84,1
46,54,1
87,43,1
86,66,1
16,1,1
58,58,1
61,31,1
21,24,1
8,65,1
98,93,1
66,37,1
61,24,1
27,85,1
73,14,1
52,68,1
73,85,1
65,74,1
85,20,1
58,13,1
84,75,1
42,51,1
4,30,1
59,50,1
74,62,1
81,83,1
89,24,1
40,44,1
1,16,1
97,84,1
99,53,1
97,46,1
95,75,1
26,41,1
85,87,1
69,80,1
68,68,1
48,73,1
80,63,1
98,93,1
45,96,1
19,59,1
72,58,1
39,7,1
81,16,1
7,5,1
80,62,1
26,99,1
71,26,1
42,76,1
86,53,1
98,88,1
88,91,1
92,73,1
63,4,1
63,20,1
30,92,1
22,49,1
10,31,1
19,92,1
58,50,1
66,51,1
37,9,1
2,50,1
95,33,1
5,46,1
91,96,1
44,48,1
40,21,1
6,69,1
70,38,1
33,69,1
38,96,1
62,63,1
60,97,1
86,2,1
11,55,1
41,1,1
66,64,1
35,54,1
71,31,1
52,0,1
36,26,1
35,86,1
6,52,1
95,86,1
55,81,1
8,19,1
93,24,1
56,28,1
11,90,1
76,67,1
9,14,1
31,66,1
77,28,1
88,39,1
51,84,1
41,36,1
64,82,1
17,22,1
98,97,1
75,86,1
13,66,1
97,70,1
74,83,1
20,42,1
96,60,1
89,50,1
5,38,1
46,73,1
78,3,1
69,60,1
98,39,1
56,87,1
43,89,1
52,33,1
82,17,1
65,16,1
66,69,1
42,86,1
2,81,1
49,1,1
0,62,1
40,56,1
72,72,1
29,88,1
33,46,1
78,33,1
29,26,1
68,30,1
49,98,1
11,57,1
42,69,1
49,39,1
40,46,1
33,54,1
60,95,1
29,26,1
39,11,1
42,30,1
77,12,1
89,22,1
83,77,1
80,14,1
16,9,1
82,27,1
68,82,1
83,51,1
14,85,1
59,34,1
65,34,1
55,6,1
8,85,1
15,79,1
51,42,1
14,86,1
33,17,1
39,6,1
14,18,1
64,41,1
7,5,1
48,2,1
2,59,1
11,38,1
70,27,1
55,17,1
9,40,1
85,45,1
95,63,1
24,19,1
47,4,1
49,11,1
12,18,1
71,1,1
31,62,1
47,97,1
61,57,1
85,25,1
84,79,1
88,49,1
35,80,1
6,0,1
8,98,1
76,44,1
90,86,1
13,79,1
95,93,1
39,11,1
39,19,1
3,1,1
84,63,1
34,49,1
84,73,1
8,81,1
29,67,1
59,1,1
63,29,1
19,67,1
47,35,1
63,89,1
4,12,1
51,96,1
58,15,1
6,46,1
78,92,1
99,90,1
4,96,1
50,12,1
67,8,1
97,8,1
57,57,1
65,76,1
99,14,1
70,50,1
51,81,1
28,47,1
63,3,1
59,25,1
42,82,1
45,12,1
42,27,1
4,42,1
92,20,1
15,19,1
24,4,1
13,13,1
18,61,1
78,33,1
76,34,1
35,33,1
87,1,1
35,28,1
62,47,1
3,52,1
37,98,1
84,64,1
46,91,1
31,78,1
38,15,1
19,61,1
26,22,1
9,1,1
84,25,1
30,57,1
11,38,1
27,2,1
72,22,1
80,44,1
27,72,1
86,51,1
71,55,1
8,98,1
75,1,1
62,82,1
31,43,1
10,5,1
98,49,1
55,11,1
31,16,1
1,12,1
6,54,1
75,54,1
48,34,1
71,79,1
75,14,1
51,26,1
47,6,1
84,21,1
62,90,1
2,74,1
61,82,1
18,24,1
56,39,1
81,50,1
93,27,1
12,5,1
88,9,1
13,62,1
47,61,1
97,4,1
5,68,1
6,15,1
68,53,1
86,92,1
14,88,1
6,53,1
91,69,1
42,42,1
11,7,1
77,73,1
23,64,1
84,15,1
91,69,1
23,94,1
31,52,1
33,75,1
63,83,1
52,36,1
27,18,1
8,73,1
35,56,1
67,44,1
59,13,1
9,21,1
65,50,1
43,40,1
11,96,1
68,28,1
40,81,1
34,46,1
35,7,1
4,60,1
10,70,1
43,19,1
70,14,1
50,47,1
14,54,1
33,58,1
75,85,1
74,68,1
15,18,1
53,5,1
56,72,1
38,48,1
5,47,1
27,11,1
43,77,1
86,35,1
82,15,1
35,9,1
19,28,1
16,45,1
22,50,1
8,12,1
38,74,1
75,92,1
87,51,1
69,51,1
96,49,1
63,25,1
69,92,1
95,32,1
98,87,1
41,32,1
53,52,1
68,61,1
73,87,1
22,15,1
57,64,1
46,81,1
76,76,1
66,66,1
77,23,1
62,40,1
99,83,1
80,3,1
49,10,1
96,77,1
65,45,1
99,54,1
26,99,1
50,37,1
64,8,1
31,89,1
63,34,1
49,1,1
50,89,1
93,36,1
33,57,1
92,61,1
40,67,1
13,43,1
74,89,1
36,3,1
37,48,1
40,46,1
44,25,1
8,15,1
59,24,1
61,98,1
37,33,1
36,95,1
16,2,1
86,60,1
27,85,1
42,23,1
86,58,1
68,49,1
27,67,1
93,42,1
49,92,1
27,33,1
20,9,1
3,59,1
62,2,1
12,26,1
43,79,1
61,10,1
43,59,1
56,74,1
82,69,1
74,99,1
77,29,1
67,52,1
56,86,1
3,63,1
35,23,1
18,39,1
85,15,1
0,83,1
91,69,1
84,67,1
58,50,1
92,97,1
93,66,1
64,51,1
33,95,1
2,7,1
13,68,1
55,84,1
80,14,1
3,57,1
39,84,1
46,8,1
78,63,1
1,44,1
7,34,1
89,63,1
87,15,1
57,17,1
53,68,1
24,19,1
86,39,1
37,62,1
47,11,1
45,60,1
81,55,1
50,76,1
71,9,1
5,29,1
98,78,1
30,41,1
56,82,1
3,45,1
25,44,1
32,79,1
83,9,1
75,8,1
3,18,1
13,54,1
58,28,1
64,45,1
87,87,1
36,26,1
67,88,1
30,49,1
59,46,1
4,50,1
45,24,1
25,13,1
97,57,1
80,48,1
9,60,1
50,50,1
84,79,1
64,15,1
25,94,1
91,97,1
16,30,1
40,85,1
25,87,1
22,55,1
4,6,1
9,80,1
29,70,1
74,43,1
6,40,1
5,88,1
28,29,1
60,84,1
28,10,1
7,92,1
27,93,1
10,90,1
24,43,1
34,64,1
58,19,1
6,23,1
99,90,1
11,36,1
44,27,1
53,75,1
69,42,1
24,96,1
29,9,1
95,32,1
98,37,1
92,57,1
49,98,1
70,39,1
72,45,1
70,82,1
38,60,1
87,49,1
6,12,1
75,72,1
27,98,1
12,81,1
52,90,1
45,74,1
82,38,1
19,50,1
30,49,1
9,46,1
0,63,1
13,12,1
63,73,1
11,33,1
29,65,1
34,53,1
36,58,1
70,3,1
87,85,1
83,6,1
81,2,1
72,95,1
11,68,1
74,42,1
82,17,1
89,80,1
68,38,1
40,51,1
77,14,1
33,38,1
73,80,1
37,56,1
6,61,1
52,20,1
8,49,1
45,98,1
1,93,1
91,57,1
64,38,1
99,95,1
95,14,1
33,61,1
86,12,1
28,12,1
27,62,1
68,38,1
52,18,1
87,26,1
44,80,1
23,5,1
95,31,1
20,99,1
92,7,1
40,0,1
49,23,1
76,64,1
60,97,1
89,48,1
84,22,1
58,8,1
62,34,1
45,80,1
94,91,1
3,46,1
4,21,1
14,3,1
80,38,1
37,87,1
98,51,1
96,69,1
19,76,1
24,88,1
38,31,1
64,49,1
86,56,1
20,9,1
83,97,1
20,53,1
6,87,1
58,92,1
41,76,1
72,37,1
9,23,1
2,18,1
73,89,1
68,94,1
87,41,1
9,14,1
56,34,1
11,7,1
53,95,1
77,48,1
60,71,1
68,83,1
94,45,1
42,62,1
47,12,1
55,15,1
36,0,1
17,35,1
47,5,1
52,35,1
74,72,1
67,53,1
65,49,1
0,67,1
16,77,1
69,61,1
64,98,1
37,22,1
78,27,1
15,32,1
45,69,1
61,31,1
93,50,1
5,15,1
31,43,1
67,18,1
69,17,1
76,85,1
71,33,1
95,62,1
38,25,1
76,32,1
47,74,1
30,86,1
1,94,1
8,56,1
22,30,1
41,63,1
25,99,1
72,43,1
46,56,1
67,22,1
60,68,1
5,14,1
65,59,1
93,10,1
63,49,1
76,49,1
31,65,1
24,0,1
39,17,1
83,80,1
25,68,1
5,0,1
94,30,1
97,30,1
89,41,1
46,81,1
66,74,1
13,14,1
70,88,1
51,77,1
31,55,1
55,24,1
40,24,1
38,70,1
45,37,1
72,89,1
57,21,1
17,40,1
33,95,1
6,88,1
8,22,1
50,14,1
71,74,1
10,77,1
50,19,1
51,17,1
25,45,1
71,40,1
46,4,1
7,36,1
10,98,1
22,91,1
31,85,1
16,33,1
61,41,1
7,66,1
37,72,1
85,89,1
52,80,1
35,14,1
29,3,1
25,62,1
59,26,1
53,18,1
47,69,1
72,2,1
56,8,1
17,95,1
71,22,1
75,47,1
59,77,1
77,22,1
65,74,1
91,61,1
65,80,1
93,84,1
86,75,1
48,91,1
21,44,1
10,2,1
32,74,1
43,62,1
81,38,1
11,57,1
97,22,1
59,17,1
87,64,1
88,70,1
42,60,1
38,36,1
99,86,1
77,83,1
63,31,1
85,22,1
72,3,1
94,26,1
72,70,1
87,67,1
5,38,1
85,75,1
51,15,1
27,9,1
5,31,1
35,93,1
14,13,1
61,7,1
36,43,1
44,78,1
33,13,1
23,35,1
85,75,1
37,61,1
35,48,1
41,75,1
15,90,1
39,98,1
0,36,1
3,65,1
92,94,1
76,31,1
16,29,1
88,59,1
12,80,1
1,92,1
7,85,1
70,29,1
83,83,1
32,75,1
35,24,1
59,67,1
35,12,1
51,77,1
67,23,1
46,59,1
72,13,1
62,6,1
23,82,1
60,85,1
80,70,1
24,26,1
40,6,1
50,95,1
82,6,1
11,41,1
16,9,1
58,1,1
75,23,1
40,20,1
75,92,1
74,34,1
57,39,1
4,74,1
82,12,1
2,14,1
2,31,1
39,10,1
99,80,1
92,68,1
10,65,1
53,26,1
94,87,1
77,7,1
44,96,1
44,68,1
89,23,1
68,35,1
80,43,1
13,58,1
25,44,1
65,60,1
56,58,1
75,4,1
74,72,1
82,51,1
94,83,1
50,4,1
59,16,1
68,17,1
24,45,1
33,47,1
0,35,1
50,46,1
60,21,1
80,78,1
17,68,1
39,58,1
1,83,1
60,18,1
92,13,1
95,51,1
43,69,1
41,1,1
79,79,1
82,25,1
19,13,1
81,82,1
61,12,1
44,30,1
25,4,1
48,85,1
87,3,1
2,77,1
35,73,1
3,79,1
70,65,1
38,79,1
97,51,1
26,31,1
77,99,1
5,58,1
87,78,1
55,95,1
10,37,1
7,73,1
89,69,1
93,12,1
96,71,1
91,82,1
64,37,1
69,67,1
50,6,1
66,86,1
57,86,1
91,75,1
69,49,1
21,35,1
61,8,1
22,56,1
5,73,1
55,28,1
86,87,1
94,97,1
26,53,1
24,32,1
77,93,1
65,94,1
73,33,1
92,98,1
17,67,1
77,35,1
36,59,1
35,12,1
77,78,1
1,46,1
53,67,1
56,98,1
58,77,1
18,13,1
60,13,1
10,56,1
51,61,1
90,6,1
12,33,1
31,10,1
53,32,1
10,96,1
71,83,1
40,9,1
94,78,1
41,91,1
37,32,1
77,37,1
74,12,1
90,9,1
75,68,1
5,14,1
1,69,1
84,99,1
23,41,1
34,18,1
34,96,1
93,89,1
18,26,1
50,5,1
85,81,1
58,94,1
7,1,1
37,21,1
45,15,1
47,28,1
51,43,1
37,70,1
71,15,1
23,60,1
73,46,1
71,6,1
16,61,1
98,40,1
1,58,1
35,97,1
53,34,1
62,30,1
59,7,1
2,16,1
80,65,1
44,9,1
15,86,1
66,20,1
82,33,1
79,23,1
81,65,1
73,65,1
29,7,1
72,22,1
23,33,1
31,69,1
68,69,1
84,33,1
21,46,1
7,25,1
18,79,1
16,31,1
6,31,1
45,36,1
23,17,1
62,30,1
10,77,1
50,76,1
25,36,1
98,96,1
11,98,1
90,4,1
31,56,1
48,62,1
78,87,1
51,84,1
9,15,1
34,39,1
63,34,1
87,44,1
14,68,1
88,1,1
69,21,1
45,36,1
15,6,1
45,47,1
13,31,1
79,23,1
85,97,1
17,98,1
68,29,1
17,3,1
67,39,1
90,82,1
70,35,1
77,73,1
22,27,1
60,58,1
20,85,1
48,79,1
71,69,1
25,95,1
21,6,1
49,85,1
86,72,1
80,25,1
35,0,1
6,90,1
96,97,1
12,0,1
92,86,1
78,79,1
6,63,1
73,96,1
77,81,1
76,82,1
33,61,1
20,29,1
38,29,1
97,2,1
87,67,1
26,50,1
63,40,1
89,42,1
27,55,1
37,99,1
45,65,1
12,53,1
90,33,1
60,66,1
77,57,1
26,20,1
91,1,1
12,68,1
36,44,1
40,22,1
3,83,1
86,8,1
58,69,1
43,12,1
61,68,1
52,22,1
98,27,1
22,54,1
86,68,1
68,64,1
54,66,1
15,46,1
80,40,1
22,52,1
61,53,1
71,84,1
39,46,1
19,27,1
57,27,1
79,47,1
49,66,1
85,89,1
19,89,1
6,37,1
36,4,1
21,77,1
16,20,1
17,57,1
33,72,1
33,46,1
22,43,1
19,4,1
73,94,1
15,40,1
80,87,1
43,44,1
70,18,1
41,57,1
16,62,1
24,9,1
88,27,1
81,96,1
80,15,1
64,22,1
59,2,1
98,72,1
73,35,1
27,44,1
72,26,1
24,67,1
12,2,1
31,82,1
64,57,1
5,0,1
75,80,1
17,80,1
9,61,1
0,74,1
92,13,1
45,22,1
2,0,1
89,57,1
43,85,1
60,69,1
75,47,1
49,30,1
30,46,1
67,32,1
31,25,1
33,51,1
23,10,1
90,81,1
31,78,1
95,93,1
24,94,1
47,15,1
84,73,1
49,34,1
7,12,1
22,34,1
72,1,1
62,97,1
1,18,1
77,25,1
58,37,1
62,18,1
48,53,1
59,55,1
65,46,1
74,86,1
44,46,1
56,10,1
55,62,1
79,6,1
10,64,1
73,35,1
34,13,1
38,18,1
0,25,1
62,27,1
87,71,1
89,32,1
35,47,1
42,54,1
43,3,1
84,95,1
6,10,1
74,29,1
48,81,1
10,43,1
20,97,1
34,51,1
46,52,1
48,71,1
88,77,1
4,32,1
56,81,1
89,69,1
55,15,1
56,18,1
80,19,1
3,38,1
86,2,1
56,0,1
32,82,1
94,55,1
70,71,1
58,97,1
80,9,1
0,34,1
97,55,1
80,23,1
56,32,1
8,95,1
62,58,1
3,71,1
53,32,1
42,36,1
74,98,1
33,48,1
80,1,1
49,30,1
41,79,1
3,32,1
34,63,1
51,57,1
55,14,1
67,87,1
5,33,1
85,66,1
46,94,1
59,99,1
47,69,1
51,20,1
36,38,1
55,3,1
26,89,1
39,7,1
61,14,1
9,97,1
77,21,1
92,14,1
85,56,1
47,94,1
53,66,1
42,27,1
58,52,1
15,44,1
75,83,1
42,23,1
58,6,1
76,8,1
1,22,1
0,66,1
11,52,1
49,67,1
18,18,1
85,30,1
3,29,1
14,16,1
22,28,1
11,1,1
42,72,1
19,23,1
75,11,1
77,45,1
57,44,1
30,45,1
56,15,1
10,72,1
9,66,1
89,32,1
34,9,1
59,1,1
37,22,1
72,71,1
60,21,1
79,9,1
77,82,1
17,41,1
3,3,1
29,51,1
32,8,1
35,75,1
60,66,1
46,11,1
92,52,1
79,64,1
30,69,1
35,36,1
97,23,1
54,70,1
95,50,1
84,0,1
89,88,1
16,81,1
19,5,1
36,26,1
50,21,1
44,60,1
28,9,1
61,61,1
50,67,1
19,29,1
63,7,1
9,95,1
56,78,1
98,66,1
90,47,1
65,71,1
41,54,1
88,15,1
62,53,1
62,5,1
54,31,1
11,29,1
23,92,1
20,24,1
86,32,1
30,93,1
79,19,1
26,22,1
35,50,1
96,16,1
25,63,1
11,71,1
14,21,1
18,64,1
89,1,1
50,78,1
69,20,1
32,4,1
36,23,1
22,87,1
95,36,1
74,70,1
25,69,1
27,62,1
16,32,1
13,95,1
23,67,1
96,15,1
69,59,1
40,55,1
9,2,1
61,70,1
57,91,1
40,30,1
77,53,1
88,37,1
19,69,1
17,95,1
35,86,1
74,27,1
71,63,1
31,22,1
16,44,1
27,15,1
47,56,1
50,67,1
61,23,1
71,65,1
53,19,1
30,61,1
51,83,1
93,29,1
84,95,1
25,14,1
35,41,1
72,73,1
24,37,1
6,4,1
58,56,1
59,17,1
76,77,1
5,82,1
13,16,1
66,70,1
23,72,1
69,22,1
19,76,1
51,95,1
63,2,1
46,7,1
20,24,1
47,5,1
4,52,1
12,34,1
65,68,1
44,90,1
84,89,1
77,61,1
29,32,1
11,29,1
23,31,1
77,74,1
46,79,1
99,18,1
42,14,1
74,97,1
32,89,1
90,20,1
59,61,1
29,97,1
54,6,1
11,97,1
47,13,1
17,1,1
16,63,1
27,60,1
93,89,1
73,81,1
41,37,1
68,93,1
13,82,1
87,23,1
42,30,1
55,18,1
48,12,1
0,11,1
36,71,1
59,38,1
96,21,1
50,85,1
26,72,1
72,49,1
6,38,1
11,20,1
68,63,1
32,2,1
25,48,1
29,84,1
21,4,1
34,69,1
18,87,1
25,3,1
41,68,1
70,57,1
49,29,1
34,8,1
66,97,1
89,87,1
74,27,1
90,83,1
57,75,1
4,62,1
90,83,1
71,11,1
23,57,1
10,78,1
72,98,1
76,77,1
62,78,1
40,27,1
78,36,1
15,41,1
10,1,1
75,94,1
34,49,1
22,1,1
35,57,1
66,60,1
74,34,1
75,81,1
76,86,1
76,25,1
69,11,1
47,54,1
61,98,1
98,75,1
43,31,1
58,37,1
22,55,1
94,77,1
41,75,1
18,76,1
82,29,1
92,88,1
15,93,1
72,4,1
78,84,1
30,32,1
25,35,1
32,85,1
93,65,1
21,29,1
39,26,1
35,64,1
69,31,1
43,47,1
22,83,1
58,55,1
74,54,1
18,91,1
18,6,1
66,59,1
31,63,1
7,48,1
22,22,1
51,43,1
21,45,1
44,5,1
35,16,1
19,73,1
36,27,1
81,10,1
49,46,1
15,91,1
50,13,1
3,8,1
64,30,1
75,17,1
70,7,1
0,6,1
86,61,1
54,32,1
3,40,1
92,36,1
93,35,1
69,36,1
61,97,1
25,76,1
85,49,1
31,89,1
7,57,1
53,42,1
42,36,1
7,33,1
12,68,1
43,10,1
55,27,1
16,12,1
65,26,1
73,62,1
38,24,1
17,17,1
84,98,1
24,99,1
76,39,1
3,47,1
44,21,1
98,60,1
32,89,1
82,88,1
51,72,1
7,49,1
68,79,1
94,33,1
0,14,1
40,97,1
46,98,1
61,53,1
63,48,1
97,40,1
1,37,1
80,7,1
23,86,1
32,74,1
35,49,1
35,77,1
55,58,1
82,78,1
87,56,1
22,89,1
3,43,1
68,80,1
20,90,1
48,79,1
55,26,1
92,3,1
27,84,1
70,68,1
88,76,1
27,53,1
84,92,1
46,65,1
65,9,1
54,96,1
44,99,1
32,72,1
28,19,1
7,45,1
98,45,1
9,10,1
24,39,1
27,66,1
85,9,1
22,99,1
29,34,1
26,66,1
31,73,1
84,68,1
59,26,1
27,57,1
1,75,1
14,79,1
58,70,1
24,15,1
32,20,1
31,26,1
70,14,1
75,31,1
62,99,1
80,46,1
84,87,1
68,23,1
0,82,1
77,14,1
57,32,1
10,3,1
33,17,1
62,8,1
69,41,1
92,65,1
12,81,1
28,92,1
89,31,1
59,36,1
87,6,1
62,78,1
46,50,1
80,77,1
33,50,1
9,66,1
99,50,1
67,65,1
50,49,1
33,19,1
76,96,1
52,94,1
55,59,1
73,88,1
25,33,1
4,15,1
59,73,1
19,48,1
50,94,1
59,62,1
94,5,1
72,15,1
80,34,1
16,28,1
30,6,1
62,40,1
89,4,1
99,81,1
3,4,1
42,81,1
34,24,1
9,83,1
11,43,1
47,17,1
13,68,1
