[{"model": "admin.logentry", "pk": 1, "fields": {"action_time": "2023-07-11T06:00:35.560Z", "user": 1, "content_type": 9, "object_id": "20", "object_repr": "AppUser object (20)", "action_flag": 2, "change_message": "[]"}}, {"model": "auth.permission", "pk": 1, "fields": {"name": "Can add log entry", "content_type": 1, "codename": "add_logentry"}}, {"model": "auth.permission", "pk": 2, "fields": {"name": "Can change log entry", "content_type": 1, "codename": "change_logentry"}}, {"model": "auth.permission", "pk": 3, "fields": {"name": "Can delete log entry", "content_type": 1, "codename": "delete_logentry"}}, {"model": "auth.permission", "pk": 4, "fields": {"name": "Can view log entry", "content_type": 1, "codename": "view_logentry"}}, {"model": "auth.permission", "pk": 5, "fields": {"name": "Can add permission", "content_type": 2, "codename": "add_permission"}}, {"model": "auth.permission", "pk": 6, "fields": {"name": "Can change permission", "content_type": 2, "codename": "change_permission"}}, {"model": "auth.permission", "pk": 7, "fields": {"name": "Can delete permission", "content_type": 2, "codename": "delete_permission"}}, {"model": "auth.permission", "pk": 8, "fields": {"name": "Can view permission", "content_type": 2, "codename": "view_permission"}}, {"model": "auth.permission", "pk": 9, "fields": {"name": "Can add group", "content_type": 3, "codename": "add_group"}}, {"model": "auth.permission", "pk": 10, "fields": {"name": "Can change group", "content_type": 3, "codename": "change_group"}}, {"model": "auth.permission", "pk": 11, "fields": {"name": "Can delete group", "content_type": 3, "codename": "delete_group"}}, {"model": "auth.permission", "pk": 12, "fields": {"name": "Can view group", "content_type": 3, "codename": "view_group"}}, {"model": "auth.permission", "pk": 13, "fields": {"name": "Can add user", "content_type": 4, "codename": "add_user"}}, {"model": "auth.permission", "pk": 14, "fields": {"name": "Can change user", "content_type": 4, "codename": "change_user"}}, {"model": "auth.permission", "pk": 15, "fields": {"name": "Can delete user", "content_type": 4, "codename": "delete_user"}}, {"model": "auth.permission", "pk": 16, "fields": {"name": "Can view user", "content_type": 4, "codename": "view_user"}}, {"model": "auth.permission", "pk": 17, "fields": {"name": "Can add content type", "content_type": 5, "codename": "add_contenttype"}}, {"model": "auth.permission", "pk": 18, "fields": {"name": "Can change content type", "content_type": 5, "codename": "change_contenttype"}}, {"model": "auth.permission", "pk": 19, "fields": {"name": "Can delete content type", "content_type": 5, "codename": "delete_contenttype"}}, {"model": "auth.permission", "pk": 20, "fields": {"name": "Can view content type", "content_type": 5, "codename": "view_contenttype"}}, {"model": "auth.permission", "pk": 21, "fields": {"name": "Can add session", "content_type": 6, "codename": "add_session"}}, {"model": "auth.permission", "pk": 22, "fields": {"name": "Can change session", "content_type": 6, "codename": "change_session"}}, {"model": "auth.permission", "pk": 23, "fields": {"name": "Can delete session", "content_type": 6, "codename": "delete_session"}}, {"model": "auth.permission", "pk": 24, "fields": {"name": "Can view session", "content_type": 6, "codename": "view_session"}}, {"model": "auth.permission", "pk": 25, "fields": {"name": "Can add genre", "content_type": 7, "codename": "add_genre"}}, {"model": "auth.permission", "pk": 26, "fields": {"name": "Can change genre", "content_type": 7, "codename": "change_genre"}}, {"model": "auth.permission", "pk": 27, "fields": {"name": "Can delete genre", "content_type": 7, "codename": "delete_genre"}}, {"model": "auth.permission", "pk": 28, "fields": {"name": "Can view genre", "content_type": 7, "codename": "view_genre"}}, {"model": "auth.permission", "pk": 29, "fields": {"name": "Can add music", "content_type": 8, "codename": "add_music"}}, {"model": "auth.permission", "pk": 30, "fields": {"name": "Can change music", "content_type": 8, "codename": "change_music"}}, {"model": "auth.permission", "pk": 31, "fields": {"name": "Can delete music", "content_type": 8, "codename": "delete_music"}}, {"model": "auth.permission", "pk": 32, "fields": {"name": "Can view music", "content_type": 8, "codename": "view_music"}}, {"model": "auth.permission", "pk": 33, "fields": {"name": "Can add app user", "content_type": 9, "codename": "add_appuser"}}, {"model": "auth.permission", "pk": 34, "fields": {"name": "Can change app user", "content_type": 9, "codename": "change_appuser"}}, {"model": "auth.permission", "pk": 35, "fields": {"name": "Can delete app user", "content_type": 9, "codename": "delete_appuser"}}, {"model": "auth.permission", "pk": 36, "fields": {"name": "Can view app user", "content_type": 9, "codename": "view_appuser"}}, {"model": "auth.permission", "pk": 37, "fields": {"name": "Can add favorite", "content_type": 10, "codename": "add_favorite"}}, {"model": "auth.permission", "pk": 38, "fields": {"name": "Can change favorite", "content_type": 10, "codename": "change_favorite"}}, {"model": "auth.permission", "pk": 39, "fields": {"name": "Can delete favorite", "content_type": 10, "codename": "delete_favorite"}}, {"model": "auth.permission", "pk": 40, "fields": {"name": "Can view favorite", "content_type": 10, "codename": "view_favorite"}}, {"model": "auth.user", "pk": 1, "fields": {"password": "pbkdf2_sha256$600000$skGlDfaMLS2iyAXakbo5WI$MInXr4axO+1b661iU2xglyn5u3+4C9F6aynQrNLo7O8=", "last_login": "2023-07-11T05:54:41.678Z", "is_superuser": true, "username": "admin", "first_name": "", "last_name": "", "email": "admin@example.com", "is_staff": true, "is_active": true, "date_joined": "2023-07-11T04:45:01.238Z", "groups": [], "user_permissions": []}}, {"model": "contenttypes.contenttype", "pk": 1, "fields": {"app_label": "admin", "model": "logentry"}}, {"model": "contenttypes.contenttype", "pk": 2, "fields": {"app_label": "auth", "model": "permission"}}, {"model": "contenttypes.contenttype", "pk": 3, "fields": {"app_label": "auth", "model": "group"}}, {"model": "contenttypes.contenttype", "pk": 4, "fields": {"app_label": "auth", "model": "user"}}, {"model": "contenttypes.contenttype", "pk": 5, "fields": {"app_label": "contenttypes", "model": "contenttype"}}, {"model": "contenttypes.contenttype", "pk": 6, "fields": {"app_label": "sessions", "model": "session"}}, {"model": "contenttypes.contenttype", "pk": 7, "fields": {"app_label": "backend_app", "model": "genre"}}, {"model": "contenttypes.contenttype", "pk": 8, "fields": {"app_label": "backend_app", "model": "music"}}, {"model": "contenttypes.contenttype", "pk": 9, "fields": {"app_label": "backend_app", "model": "appuser"}}, {"model": "contenttypes.contenttype", "pk": 10, "fields": {"app_label": "backend_app", "model": "favorite"}}, {"model": "sessions.session", "pk": "63yolwvsfl63bn1ahgd8erwhmijcwtdq", "fields": {"session_data": ".eJxVjDsOwjAQRO_iGlns-hOgpOcM1q69xgFkS3FSIe5OIqWAYpp5b-atAi1zCUuXKYxJXRSow2_HFJ9SN5AeVO9Nx1bnaWS9KXqnXd9aktd1d_8OCvWyrj2hx2yJBJ0dBiFGyYDWZ84mRTDJM8ARTkzknDOQ8Qwm4hqJ5LL6fAHvtTg5:1qJ6Kf:4P0gK59meHHUQzfzBMypWA7zN0OoGrr58TGq9HCx9ao", "expire_date": "2023-07-25T05:54:41.687Z"}}, {"model": "backend_app.appuser", "pk": 1, "fields": {"name": "makoto", "password": "makoto", "twitter_id": "@makoto", "instagram_id": "@makoto", "genre_id": 1, "age": 16, "gender": 0}}, {"model": "backend_app.appuser", "pk": 2, "fields": {"name": "kyoko", "password": "kyoko", "twitter_id": "@kyoko", "instagram_id": "@kyoko", "genre_id": 1, "age": 16, "gender": 1}}, {"model": "backend_app.appuser", "pk": 3, "fields": {"name": "junko", "password": "junko", "twitter_id": "@junko", "instagram_id": "@junko", "genre_id": 2, "age": 16, "gender": 1}}, {"model": "backend_app.appuser", "pk": 4, "fields": {"name": "hajime", "password": "hajime", "twitter_id": "@hajime", "instagram_id": "@hajime", "genre_id": 3, "age": 16, "gender": 0}}, {"model": "backend_app.appuser", "pk": 5, "fields": {"name": "chiaki", "password": "chiaki", "twitter_id": "@chiaki", "instagram_id": "@chiaki", "genre_id": 4, "age": 16, "gender": 1}}, {"model": "backend_app.appuser", "pk": 6, "fields": {"name": "shuichi", "password": "shuichi", "twitter_id": "@shuichi", "instagram_id": "@shuichi", "genre_id": 5, "age": 16, "gender": 0}}, {"model": "backend_app.appuser", "pk": 7, "fields": {"name": "haruto", "password": "haruto", "twitter_id": "@haruto", "instagram_id": "@haruto", "genre_id": 1, "age": 17, "gender": 0}}, {"model": "backend_app.appuser", "pk": 8, "fields": {"name": "ema", "password": "ema", "twitter_id": "@ema", "instagram_id": "@ema", "genre_id": 2, "age": 24, "gender": 1}}, {"model": "backend_app.appuser", "pk": 9, "fields": {"name": "aoto", "password": "aoto", "twitter_id": "@aoto", "instagram_id": "@aoto", "genre_id": 2, "age": 20, "gender": 0}}, {"model": "backend_app.appuser", "pk": 10, "fields": {"name": "mei", "password": "mei", "twitter_id": "@mei", "instagram_id": "@mei", "genre_id": 3, "age": 18, "gender": 1}}, {"model": "backend_app.appuser", "pk": 11, "fields": {"name": "riku", "password": "riku", "twitter_id": "@riku", "instagram_id": "@riku", "genre_id": 3, "age": 17, "gender": 0}}, {"model": "backend_app.appuser", "pk": 12, "fields": {"name": "sana", "password": "sana", "twitter_id": "@sana", "instagram_id": "@sana", "genre_id": 4, "age": 18, "gender": 1}}, {"model": "backend_app.appuser", "pk": 13, "fields": {"name": "minato", "password": "minato", "twitter_id": "@minato", "instagram_id": "@minato", "genre_id": 4, "age": 22, "gender": 0}}, {"model": "backend_app.appuser", "pk": 14, "fields": {"name": "mio", "password": "mio", "twitter_id": "@mio", "instagram_id": "@mio", "genre_id": 5, "age": 25, "gender": 1}}, {"model": "backend_app.appuser", "pk": 15, "fields": {"name": "haruki", "password": "haruki", "twitter_id": "@haruki", "instagram_id": "@haruki", "genre_id": 5, "age": 22, "gender": 0}}, {"model": "backend_app.appuser", "pk": 16, "fields": {"name": "ichika", "password": "ichika", "twitter_id": "@ichika", "instagram_id": "@ichika", "genre_id": 6, "age": 16, "gender": 1}}, {"model": "backend_app.appuser", "pk": 17, "fields": {"name": "yuito", "password": "yuito", "twitter_id": "@yuito", "instagram_id": "@yuito", "genre_id": 6, "age": 12, "gender": 0}}, {"model": "backend_app.appuser", "pk": 18, "fields": {"name": "yui", "password": "yui", "twitter_id": "@yui", "instagram_id": "@yui", "genre_id": 7, "age": 21, "gender": 1}}, {"model": "backend_app.appuser", "pk": 19, "fields": {"name": "haru", "password": "haru", "twitter_id": "@haru", "instagram_id": "@haru", "genre_id": 7, "age": 19, "gender": 0}}, {"model": "backend_app.appuser", "pk": 20, "fields": {"name": "aoi", "password": "aoi", "twitter_id": "@aoi", "instagram_id": "@aoi", "genre_id": 7, "age": 17, "gender": 1}}, {"model": "backend_app.appuser", "pk": 21, "fields": {"name": "koharu", "password": "koharu", "twitter_id": "@koharu", "instagram_id": "@koharu", "genre_id": 6, "age": 20, "gender": 1}}, {"model": "backend_app.genre", "pk": 1, "fields": {"name": "J-POP"}}, {"model": "backend_app.genre", "pk": 2, "fields": {"name": "J-ROCK"}}, {"model": "backend_app.genre", "pk": 3, "fields": {"name": "洋楽"}}, {"model": "backend_app.genre", "pk": 4, "fields": {"name": "クラシック"}}, {"model": "backend_app.genre", "pk": 5, "fields": {"name": "アニメ・ゲーム"}}, {"model": "backend_app.genre", "pk": 6, "fields": {"name": "キッズ"}}, {"model": "backend_app.genre", "pk": 7, "fields": {"name": "サウンドトラック"}}, {"model": "backend_app.favorite", "pk": 1, "fields": {"user_id": 1, "music_id": "ZRtdQ81jPUQ"}}, {"model": "backend_app.favorite", "pk": 2, "fields": {"user_id": 1, "music_id": "hN5MBlGv2Ac"}}, {"model": "backend_app.favorite", "pk": 3, "fields": {"user_id": 1, "music_id": "7940nuwCEYA"}}, {"model": "backend_app.favorite", "pk": 4, "fields": {"user_id": 2, "music_id": "KbGPM9jFeGg"}}, {"model": "backend_app.favorite", "pk": 5, "fields": {"user_id": 2, "music_id": "M3eGhMORIpY"}}, {"model": "backend_app.favorite", "pk": 6, "fields": {"user_id": 2, "music_id": "1FliVTcX8bQ"}}, {"model": "backend_app.favorite", "pk": 7, "fields": {"user_id": 3, "music_id": "j4XsCJHfplg"}}, {"model": "backend_app.favorite", "pk": 8, "fields": {"user_id": 3, "music_id": "447cO8LTq9A"}}, {"model": "backend_app.favorite", "pk": 9, "fields": {"user_id": 3, "music_id": "WAMxwRtNrPY"}}, {"model": "backend_app.favorite", "pk": 10, "fields": {"user_id": 3, "music_id": "hTsK43fWne8"}}, {"model": "backend_app.favorite", "pk": 11, "fields": {"user_id": 3, "music_id": "j7CDb610Bg0"}}, {"model": "backend_app.favorite", "pk": 12, "fields": {"user_id": 4, "music_id": "JGwWNGJdvx8"}}, {"model": "backend_app.favorite", "pk": 13, "fields": {"user_id": 4, "music_id": "QJO3ROT-A4E"}}, {"model": "backend_app.favorite", "pk": 14, "fields": {"user_id": 5, "music_id": "thQWqRDZj7E"}}, {"model": "backend_app.favorite", "pk": 15, "fields": {"user_id": 5, "music_id": "jEc_r33ODos"}}, {"model": "backend_app.favorite", "pk": 16, "fields": {"user_id": 5, "music_id": "0siIoIWd62c"}}, {"model": "backend_app.favorite", "pk": 17, "fields": {"user_id": 6, "music_id": "mC5s9KcaHHY"}}, {"model": "backend_app.favorite", "pk": 18, "fields": {"user_id": 6, "music_id": "QdZwP8ngdSQ"}}, {"model": "backend_app.favorite", "pk": 19, "fields": {"user_id": 6, "music_id": "NOt2qxWtBv0"}}, {"model": "backend_app.favorite", "pk": 20, "fields": {"user_id": 6, "music_id": "Y4kfe8R1Iqs"}}, {"model": "backend_app.favorite", "pk": 21, "fields": {"user_id": 4, "music_id": "kJQP7kiw5Fk"}}, {"model": "backend_app.favorite", "pk": 22, "fields": {"user_id": 7, "music_id": "1kUZ0LoUELI"}}, {"model": "backend_app.favorite", "pk": 23, "fields": {"user_id": 7, "music_id": "8OZDgBmehbA"}}, {"model": "backend_app.favorite", "pk": 24, "fields": {"user_id": 7, "music_id": "gfzuzDrVRVM"}}, {"model": "backend_app.favorite", "pk": 25, "fields": {"user_id": 8, "music_id": "TQ8WlA2GXbk"}}, {"model": "backend_app.favorite", "pk": 26, "fields": {"user_id": 8, "music_id": "WIKqgE4BwAY"}}, {"model": "backend_app.favorite", "pk": 27, "fields": {"user_id": 8, "music_id": "6YZlFdTIdzM"}}, {"model": "backend_app.favorite", "pk": 28, "fields": {"user_id": 9, "music_id": "EQ94zflNqn4"}}, {"model": "backend_app.favorite", "pk": 29, "fields": {"user_id": 9, "music_id": "0pQzSpOEBms"}}, {"model": "backend_app.favorite", "pk": 30, "fields": {"user_id": 9, "music_id": "rOU4YiuaxAM"}}, {"model": "backend_app.favorite", "pk": 31, "fields": {"user_id": 10, "music_id": "papuvlVeZg8"}}, {"model": "backend_app.favorite", "pk": 32, "fields": {"user_id": 10, "music_id": "OPf0YbXqDm0"}}, {"model": "backend_app.favorite", "pk": 33, "fields": {"user_id": 10, "music_id": "b1kbLwvqugk"}}, {"model": "backend_app.favorite", "pk": 34, "fields": {"user_id": 11, "music_id": "ALZHF5UqnU4"}}, {"model": "backend_app.favorite", "pk": 35, "fields": {"user_id": 11, "music_id": "2vjPBrBU-TM"}}, {"model": "backend_app.favorite", "pk": 36, "fields": {"user_id": 11, "music_id": "W-TE_Ys4iwM"}}, {"model": "backend_app.favorite", "pk": 37, "fields": {"user_id": 12, "music_id": "28dXEoyVNHk"}}, {"model": "backend_app.favorite", "pk": 38, "fields": {"user_id": 12, "music_id": "Ol_ggsZAzU0"}}, {"model": "backend_app.favorite", "pk": 39, "fields": {"user_id": 12, "music_id": "8KsXPq3nedY"}}, {"model": "backend_app.favorite", "pk": 40, "fields": {"user_id": 13, "music_id": "cH2PH0auTUU"}}, {"model": "backend_app.favorite", "pk": 41, "fields": {"user_id": 13, "music_id": "-4788Tmz9Zo"}}, {"model": "backend_app.favorite", "pk": 42, "fields": {"user_id": 13, "music_id": "4Tr0otuiQuU"}}, {"model": "backend_app.favorite", "pk": 43, "fields": {"user_id": 14, "music_id": "o6wtDPVkKqI"}}, {"model": "backend_app.favorite", "pk": 44, "fields": {"user_id": 14, "music_id": "MpYy6wwqxoo"}}, {"model": "backend_app.favorite", "pk": 45, "fields": {"user_id": 14, "music_id": "8RGI7JhWOCs"}}, {"model": "backend_app.favorite", "pk": 46, "fields": {"user_id": 15, "music_id": "Jb6Zlg30rgk"}}, {"model": "backend_app.favorite", "pk": 47, "fields": {"user_id": 15, "music_id": "vZUyKVE9dus"}}, {"model": "backend_app.favorite", "pk": 48, "fields": {"user_id": 15, "music_id": "M6gcoDN9jBc"}}, {"model": "backend_app.favorite", "pk": 49, "fields": {"user_id": 16, "music_id": "K4xLi8IF1FM"}}, {"model": "backend_app.favorite", "pk": 50, "fields": {"user_id": 16, "music_id": "vq8Bfs5qqbY"}}, {"model": "backend_app.favorite", "pk": 51, "fields": {"user_id": 16, "music_id": "qDL3zhB8-MM"}}, {"model": "backend_app.favorite", "pk": 52, "fields": {"user_id": 17, "music_id": "yGGmmYFpR4o"}}, {"model": "backend_app.favorite", "pk": 53, "fields": {"user_id": 17, "music_id": "Oi0ZrNLEx-g"}}, {"model": "backend_app.favorite", "pk": 54, "fields": {"user_id": 17, "music_id": "wYTn4kHAnzw"}}, {"model": "backend_app.favorite", "pk": 55, "fields": {"user_id": 18, "music_id": "gIOyB9ZXn8s"}}, {"model": "backend_app.favorite", "pk": 56, "fields": {"user_id": 18, "music_id": "cPAbx5kgCJo"}}, {"model": "backend_app.favorite", "pk": 57, "fields": {"user_id": 18, "music_id": "nrZxwPwmgrw"}}, {"model": "backend_app.favorite", "pk": 58, "fields": {"user_id": 19, "music_id": "pcKR0LPwoYs"}}, {"model": "backend_app.favorite", "pk": 59, "fields": {"user_id": 19, "music_id": "XyzaMpAVm3s"}}, {"model": "backend_app.favorite", "pk": 60, "fields": {"user_id": 19, "music_id": "JvjWy4saR08"}}, {"model": "backend_app.favorite", "pk": 61, "fields": {"user_id": 20, "music_id": "GTWqwSNQCcg"}}, {"model": "backend_app.favorite", "pk": 62, "fields": {"user_id": 20, "music_id": "3JWTaaS7LdU"}}, {"model": "backend_app.favorite", "pk": 63, "fields": {"user_id": 20, "music_id": "PSu5nAQ7uZw"}}, {"model": "backend_app.favorite", "pk": 64, "fields": {"user_id": 21, "music_id": "5JVLSXMS8fU"}}, {"model": "backend_app.favorite", "pk": 65, "fields": {"user_id": 21, "music_id": "9vCMtNg2hHE"}}, {"model": "backend_app.favorite", "pk": 66, "fields": {"user_id": 21, "music_id": "o6_8hkD_y04"}}, {"model": "backend_app.music", "pk": "-4788Tmz9Zo", "fields": {"title": "Beethoven - Symphony No. 7 - Iván Fischer | Concertgebouworkest", "url": "https://www.youtube.com/watch?v=-4788Tmz9Zo", "position_x": 1000000000.0, "position_y": 3000000000.0, "views": 12764164, "good": 76487, "bad": null, "comment_count": 4933}}, {"model": "backend_app.music", "pk": "0pQzSpOEBms", "fields": {"title": "sumika / 願い【Music Video】", "url": "https://www.youtube.com/watch?v=0pQzSpOEBms", "position_x": 1000000000.0, "position_y": 3000000000.0, "views": 22238629, "good": 154267, "bad": null, "comment_count": 5230}}, {"model": "backend_app.music", "pk": "0siIoIWd62c", "fields": {"title": "ベートーヴェン　ピアノソナタ 第１４番 「月光」", "url": "https://www.youtube.com/watch?v=0siIoIWd62c", "position_x": -1600.0, "position_y": -1600.0, "views": 3990287, "good": 14356, "bad": null, "comment_count": 1028}}, {"model": "backend_app.music", "pk": "1FliVTcX8bQ", "fields": {"title": "【Ado】新時代 (ウタ from ONE PIECE FILM RED)", "url": "https://www.youtube.com/watch?v=1FliVTcX8bQ", "position_x": -1600.0, "position_y": -800.0, "views": 137490074, "good": 1331357, "bad": null, "comment_count": 38964}}, {"model": "backend_app.music", "pk": "1kUZ0LoUELI", "fields": {"title": "米津玄師 - 月を見ていた Kenshi Yonezu - Tsuki Wo Miteita / Moongazing", "url": "https://www.youtube.com/watch?v=1kUZ0LoUELI", "position_x": 1000000000.0, "position_y": 3000000000.0, "views": 1965832, "good": 108118, "bad": null, "comment_count": 4637}}, {"model": "backend_app.music", "pk": "28dXEoyVNHk", "fields": {"title": "エルガー/行進曲「威風堂々」第1番", "url": "https://www.youtube.com/watch?v=28dXEoyVNHk", "position_x": 1000000000.0, "position_y": 3000000000.0, "views": 1332492, "good": 611, "bad": null, "comment_count": 48}}, {"model": "backend_app.music", "pk": "2vjPBrBU-TM", "fields": {"title": "Sia - Chandelier (Official Video)", "url": "https://www.youtube.com/watch?v=2vjPBrBU-TM", "position_x": 1000000000.0, "position_y": 3000000000.0, "views": 2622080313, "good": 12715513, "bad": null, "comment_count": 579976}}, {"model": "backend_app.music", "pk": "3JWTaaS7LdU", "fields": {"title": "Whitney Houston - I Will Always Love You (Official 4K Video)", "url": "https://www.youtube.com/watch?v=3JWTaaS7LdU", "position_x": 1000000000.0, "position_y": 3000000000.0, "views": 1440614192, "good": 8879674, "bad": null, "comment_count": 314647}}, {"model": "backend_app.music", "pk": "447cO8LTq9A", "fields": {"title": "04 Limited Sazabys『swim』(Official Music Video)", "url": "https://www.youtube.com/watch?v=447cO8LTq9A", "position_x": -1600.0, "position_y": 0.0, "views": 12332554, "good": 74054, "bad": null, "comment_count": 1970}}, {"model": "backend_app.music", "pk": "4Tr0otuiQuU", "fields": {"title": "Beethoven - Moonlight Sonata (FULL)", "url": "https://www.youtube.com/watch?v=4Tr0otuiQuU", "position_x": 1000000000.0, "position_y": 3000000000.0, "views": 201294248, "good": 1994133, "bad": null, "comment_count": 246403}}, {"model": "backend_app.music", "pk": "5JVLSXMS8fU", "fields": {"title": "【うた】「パプリカ」米津玄師×Foorin〈振り付き〉【こどものうた・童謡・手遊び・キッズ・ダンス】Japanese Children's Song/Kenshi Yonezu / Paprika", "url": "https://www.youtube.com/watch?v=5JVLSXMS8fU", "position_x": 1000000000.0, "position_y": 3000000000.0, "views": 49639366, "good": 86437, "bad": null, "comment_count": 0}}, {"model": "backend_app.music", "pk": "6YZlFdTIdzM", "fields": {"title": "ONE OK ROCK - Clock Strikes [Official Music Video]", "url": "https://www.youtube.com/watch?v=6YZlFdTIdzM", "position_x": 1000000000.0, "position_y": 3000000000.0, "views": 123651419, "good": 925106, "bad": null, "comment_count": 31201}}, {"model": "backend_app.music", "pk": "7940nuwCEYA", "fields": {"title": "菅田将暉 『まちがいさがし』", "url": "https://www.youtube.com/watch?v=7940nuwCEYA", "position_x": -1600.0, "position_y": 800.0, "views": 194246647, "good": 757597, "bad": null, "comment_count": 29132}}, {"model": "backend_app.music", "pk": "8KsXPq3nedY", "fields": {"title": "BOLERO Ravel ラヴェルボレロOrquesta Joven de la Sinfónica de Galicia ガリシア D: Vicente Alberola. Dvořák nº 8", "url": "https://www.youtube.com/watch?v=8KsXPq3nedY", "position_x": 1000000000.0, "position_y": 3000000000.0, "views": 43254094, "good": 335231, "bad": null, "comment_count": 22668}}, {"model": "backend_app.music", "pk": "8OZDgBmehbA", "fields": {"title": "SEKAI NO OWARI「Habit」", "url": "https://www.youtube.com/watch?v=8OZDgBmehbA", "position_x": 1000000000.0, "position_y": 3000000000.0, "views": 170878832, "good": 1374214, "bad": null, "comment_count": 41980}}, {"model": "backend_app.music", "pk": "8RGI7JhWOCs", "fields": {"title": "Linked Horizon / 紅蓮の弓矢 歌詞付き", "url": "https://www.youtube.com/watch?v=8RGI7JhWOCs", "position_x": 1000000000.0, "position_y": 3000000000.0, "views": 27032671, "good": 102914, "bad": null, "comment_count": 7751}}, {"model": "backend_app.music", "pk": "9vCMtNg2hHE", "fields": {"title": "アイアイ", "url": "https://www.youtube.com/watch?v=9vCMtNg2hHE", "position_x": 1000000000.0, "position_y": 3000000000.0, "views": 20715, "good": 21, "bad": null, "comment_count": 0}}, {"model": "backend_app.music", "pk": "ALZHF5UqnU4", "fields": {"title": "Marshmello - Alone (Official Music Video)", "url": "https://www.youtube.com/watch?v=ALZHF5UqnU4", "position_x": 1000000000.0, "position_y": 3000000000.0, "views": 2405793239, "good": 24759163, "bad": null, "comment_count": 1020921}}, {"model": "backend_app.music", "pk": "EQ94zflNqn4", "fields": {"title": "RADWIMPS - 愛にできることはまだあるかい [Official Music Video]", "url": "https://www.youtube.com/watch?v=EQ94zflNqn4", "position_x": 1000000000.0, "position_y": 3000000000.0, "views": 113860839, "good": 1045963, "bad": null, "comment_count": 52731}}, {"model": "backend_app.music", "pk": "GTWqwSNQCcg", "fields": {"title": "'City of Stars' (Duet ft. Ryan Gosling, Emma Stone) - La La Land Original Motion Picture Soundtrack", "url": "https://www.youtube.com/watch?v=GTWqwSNQCcg", "position_x": 1000000000.0, "position_y": 3000000000.0, "views": 61854627, "good": 488959, "bad": null, "comment_count": 8475}}, {"model": "backend_app.music", "pk": "JGwWNGJdvx8", "fields": {"title": "Ed Sheeran - Shape of You (Official Music Video)", "url": "https://www.youtube.com/watch?v=JGwWNGJdvx8", "position_x": -1600.0, "position_y": 1600.0, "views": 6022166862, "good": 31707286, "bad": null, "comment_count": 1138186}}, {"model": "backend_app.music", "pk": "Jb6Zlg30rgk", "fields": {"title": "MAN WITH A MISSION×milet「絆ノ奇跡」Music Video", "url": "https://www.youtube.com/watch?v=Jb6Zlg30rgk", "position_x": 1000000000.0, "position_y": 3000000000.0, "views": 33463568, "good": 400814, "bad": null, "comment_count": 12458}}, {"model": "backend_app.music", "pk": "JvjWy4saR08", "fields": {"title": "[달의 연인 - 보보경심 려 OST Part 1] 첸, 백현, 시우민 (EXO) - 너를 위해 MV", "url": "https://www.youtube.com/watch?v=JvjWy4saR08", "position_x": 1000000000.0, "position_y": 3000000000.0, "views": 91253521, "good": 751240, "bad": null, "comment_count": 27105}}, {"model": "backend_app.music", "pk": "K4xLi8IF1FM", "fields": {"title": "可愛くてごめん feat. ちゅーたん（CV：早見沙織）／HoneyWorks", "url": "https://www.youtube.com/watch?v=K4xLi8IF1FM", "position_x": 1000000000.0, "position_y": 3000000000.0, "views": 80741736, "good": 886765, "bad": null, "comment_count": 21805}}, {"model": "backend_app.music", "pk": "KbGPM9jFeGg", "fields": {"title": "スピッツ / 美しい鰭", "url": "https://www.youtube.com/watch?v=KbGPM9jFeGg", "position_x": -800.0, "position_y": -1600.0, "views": 13914753, "good": 199508, "bad": null, "comment_count": 9660}}, {"model": "backend_app.music", "pk": "M3eGhMORIpY", "fields": {"title": "乃木坂46 『サヨナラの意味』", "url": "https://www.youtube.com/watch?v=M3eGhMORIpY", "position_x": -800.0, "position_y": -800.0, "views": 28725759, "good": 166101, "bad": null, "comment_count": 28124}}, {"model": "backend_app.music", "pk": "M6gcoDN9jBc", "fields": {"title": "King Gnu - 逆夢", "url": "https://www.youtube.com/watch?v=M6gcoDN9jBc", "position_x": 1000000000.0, "position_y": 3000000000.0, "views": 87300885, "good": 592152, "bad": null, "comment_count": 14747}}, {"model": "backend_app.music", "pk": "MpYy6wwqxoo", "fields": {"title": "LiSA - 紅蓮華 / THE FIRST TAKE", "url": "https://www.youtube.com/watch?v=MpYy6wwqxoo", "position_x": 1000000000.0, "position_y": 3000000000.0, "views": 132215244, "good": 1421176, "bad": null, "comment_count": 46289}}, {"model": "backend_app.music", "pk": "NOt2qxWtBv0", "fields": {"title": "TVアニメ「とある科学の超電磁砲」 OP映像（only my railgun／ fripSide）【NBCユニバーサルAnime✕Music30周年記念OP/ED毎日投稿企画】", "url": "https://www.youtube.com/watch?v=NOt2qxWtBv0", "position_x": -800.0, "position_y": 0.0, "views": 759890, "good": 12676, "bad": null, "comment_count": 649}}, {"model": "backend_app.music", "pk": "OPf0YbXqDm0", "fields": {"title": "Mark Ronson - Uptown Funk (Official Video) ft. Bruno Mars", "url": "https://www.youtube.com/watch?v=OPf0YbXqDm0", "position_x": 1000000000.0, "position_y": 3000000000.0, "views": 4970016935, "good": 20623773, "bad": null, "comment_count": 601426}}, {"model": "backend_app.music", "pk": "Oi0ZrNLEx-g", "fields": {"title": "花の子ルンルン Hana no ko Run Run OP (Cover by: SeSeHorie ^^)", "url": "https://www.youtube.com/watch?v=Oi0ZrNLEx-g", "position_x": 1000000000.0, "position_y": 3000000000.0, "views": 116581, "good": 290, "bad": null, "comment_count": 29}}, {"model": "backend_app.music", "pk": "Ol_ggsZAzU0", "fields": {"title": "幻想即興曲−ショパン【Fantasie Impromptu-Chopin】ピアノ/CANACANA", "url": "https://www.youtube.com/watch?v=Ol_ggsZAzU0", "position_x": 1000000000.0, "position_y": 3000000000.0, "views": 12863826, "good": 74632, "bad": null, "comment_count": 2345}}, {"model": "backend_app.music", "pk": "PSu5nAQ7uZw", "fields": {"title": "Dido - Here with Me (Official Video)", "url": "https://www.youtube.com/watch?v=PSu5nAQ7uZw", "position_x": 1000000000.0, "position_y": 3000000000.0, "views": 103921696, "good": 415992, "bad": null, "comment_count": 15895}}, {"model": "backend_app.music", "pk": "QJO3ROT-A4E", "fields": {"title": "One Direction - What Makes You Beautiful (Official Video)", "url": "https://www.youtube.com/watch?v=QJO3ROT-A4E", "position_x": -800.0, "position_y": 800.0, "views": 1445710606, "good": 11406703, "bad": null, "comment_count": 1159233}}, {"model": "backend_app.music", "pk": "QdZwP8ngdSQ", "fields": {"title": "【MHWorld】星に駆られて　モンスターハンターワールドメインテーマソング～Main subject music～【BGM】", "url": "https://www.youtube.com/watch?v=QdZwP8ngdSQ", "position_x": -800.0, "position_y": 1600.0, "views": 2102709, "good": 21142, "bad": null, "comment_count": 2409}}, {"model": "backend_app.music", "pk": "TQ8WlA2GXbk", "fields": {"title": "Official髭男dism - Pretender［Official Video］", "url": "https://www.youtube.com/watch?v=TQ8WlA2GXbk", "position_x": 1000000000.0, "position_y": 3000000000.0, "views": 468991220, "good": 1901970, "bad": null, "comment_count": 99808}}, {"model": "backend_app.music", "pk": "W-TE_Ys4iwM", "fields": {"title": "One Direction - Story of My Life", "url": "https://www.youtube.com/watch?v=W-TE_Ys4iwM", "position_x": 1000000000.0, "position_y": 3000000000.0, "views": 988967382, "good": 8081045, "bad": null, "comment_count": 735279}}, {"model": "backend_app.music", "pk": "WAMxwRtNrPY", "fields": {"title": "Novelbright - ツキミソウ [Official Music Video]", "url": "https://www.youtube.com/watch?v=WAMxwRtNrPY", "position_x": 0.0, "position_y": -1600.0, "views": 69423438, "good": 319327, "bad": null, "comment_count": 7497}}, {"model": "backend_app.music", "pk": "WIKqgE4BwAY", "fields": {"title": "BABYMETAL - ギミチョコ！！- Gimme chocolate!! (OFFICIAL)", "url": "https://www.youtube.com/watch?v=WIKqgE4BwAY", "position_x": 1000000000.0, "position_y": 3000000000.0, "views": 179236819, "good": 2489267, "bad": null, "comment_count": 138011}}, {"model": "backend_app.music", "pk": "XyzaMpAVm3s", "fields": {"title": "[MV] DAVICHI(다비치) - This Love(이 사랑) l Descendants of the Sun 태양의 후예 OST", "url": "https://www.youtube.com/watch?v=XyzaMpAVm3s", "position_x": 1000000000.0, "position_y": 3000000000.0, "views": 201049913, "good": 1125115, "bad": null, "comment_count": 20971}}, {"model": "backend_app.music", "pk": "Y4kfe8R1Iqs", "fields": {"title": "LiSA「crossing field」／「ソードアート・オンライン」第1期1stクール ノンクレジットOP", "url": "https://www.youtube.com/watch?v=Y4kfe8R1Iqs", "position_x": 0.0, "position_y": -800.0, "views": 1849287, "good": 46848, "bad": null, "comment_count": 2575}}, {"model": "backend_app.music", "pk": "ZRtdQ81jPUQ", "fields": {"title": "YOASOBI「アイドル」 Official Music Video", "url": "https://www.youtube.com/watch?v=ZRtdQ81jPUQ", "position_x": 0.0, "position_y": 800.0, "views": 201396935, "good": 2916058, "bad": null, "comment_count": 95031}}, {"model": "backend_app.music", "pk": "b1kbLwvqugk", "fields": {"title": "Taylor Swift - Anti-Hero (Official Music Video)", "url": "https://www.youtube.com/watch?v=b1kbLwvqugk", "position_x": 1000000000.0, "position_y": 3000000000.0, "views": 147038264, "good": 3125376, "bad": null, "comment_count": 88453}}, {"model": "backend_app.music", "pk": "cH2PH0auTUU", "fields": {"title": "George Gershwin - Rhapsody in Blue - Leonard Bernstein, New York Philharmonic (1976)", "url": "https://www.youtube.com/watch?v=cH2PH0auTUU", "position_x": 1000000000.0, "position_y": 3000000000.0, "views": 7224162, "good": 73436, "bad": null, "comment_count": 4414}}, {"model": "backend_app.music", "pk": "cPAbx5kgCJo", "fields": {"title": "Auli'i Cravalho - How Far I'll Go (from Moana/Official Video)", "url": "https://www.youtube.com/watch?v=cPAbx5kgCJo", "position_x": 1000000000.0, "position_y": 3000000000.0, "views": 1229862930, "good": 3933424, "bad": null, "comment_count": 0}}, {"model": "backend_app.music", "pk": "gIOyB9ZXn8s", "fields": {"title": "Idina Menzel, AURORA - Into the Unknown (From \"Frozen 2\")", "url": "https://www.youtube.com/watch?v=gIOyB9ZXn8s", "position_x": 1000000000.0, "position_y": 3000000000.0, "views": 563162360, "good": 3500949, "bad": null, "comment_count": 0}}, {"model": "backend_app.music", "pk": "gfzuzDrVRVM", "fields": {"title": "欅坂46 『不協和音』", "url": "https://www.youtube.com/watch?v=gfzuzDrVRVM", "position_x": 1000000000.0, "position_y": 3000000000.0, "views": 93409386, "good": 316146, "bad": null, "comment_count": 51338}}, {"model": "backend_app.music", "pk": "hN5MBlGv2Ac", "fields": {"title": "Official髭男dism - Subtitle [Official Video]", "url": "https://www.youtube.com/watch?v=hN5MBlGv2Ac", "position_x": 0.0, "position_y": 1600.0, "views": 96262526, "good": 473946, "bad": null, "comment_count": 12417}}, {"model": "backend_app.music", "pk": "hTsK43fWne8", "fields": {"title": "プランクトン - Hell Game［Music Video］", "url": "https://www.youtube.com/watch?v=hTsK43fWne8", "position_x": 800.0, "position_y": -1600.0, "views": 28939, "good": 526, "bad": null, "comment_count": 44}}, {"model": "backend_app.music", "pk": "j4XsCJHfplg", "fields": {"title": "クリープハイプ -「栞」(MUSIC VIDEO)", "url": "https://www.youtube.com/watch?v=j4XsCJHfplg", "position_x": 800.0, "position_y": -800.0, "views": 24563884, "good": 177798, "bad": null, "comment_count": 4466}}, {"model": "backend_app.music", "pk": "j7CDb610Bg0", "fields": {"title": "BUMP OF CHICKEN「天体観測」", "url": "https://www.youtube.com/watch?v=j7CDb610Bg0", "position_x": 800.0, "position_y": 0.0, "views": 121508905, "good": 405104, "bad": null, "comment_count": 20116}}, {"model": "backend_app.music", "pk": "jEc_r33ODos", "fields": {"title": "月の光　ドビュッシー", "url": "https://www.youtube.com/watch?v=jEc_r33ODos", "position_x": 800.0, "position_y": 800.0, "views": 10634918, "good": 45861, "bad": null, "comment_count": 3438}}, {"model": "backend_app.music", "pk": "kJQP7kiw5Fk", "fields": {"title": "Luis Fonsi - Despacito ft. Daddy Yankee", "url": "https://www.youtube.com/watch?v=kJQP7kiw5Fk", "position_x": 1000000000.0, "position_y": 3000000000.0, "views": 8209912608, "good": 51807721, "bad": null, "comment_count": 4259970}}, {"model": "backend_app.music", "pk": "mC5s9KcaHHY", "fields": {"title": "Carrying The Weight of Life – Xenoblade Chronicles 3: Original Soundtrack OST", "url": "https://www.youtube.com/watch?v=mC5s9KcaHHY", "position_x": 800.0, "position_y": 1600.0, "views": 1795534, "good": 14558, "bad": null, "comment_count": 1401}}, {"model": "backend_app.music", "pk": "nrZxwPwmgrw", "fields": {"title": "Idina Menzel, Evan Rachel Wood - Show Yourself (From \"Frozen 2\"/ Sing-Along)", "url": "https://www.youtube.com/watch?v=nrZxwPwmgrw", "position_x": 1000000000.0, "position_y": 3000000000.0, "views": 485005500, "good": 2383940, "bad": null, "comment_count": 0}}, {"model": "backend_app.music", "pk": "o6_8hkD_y04", "fields": {"title": "大きな栗の木の下で　　ゴスペラーズ", "url": "https://www.youtube.com/watch?v=o6_8hkD_y04", "position_x": 1000000000.0, "position_y": 3000000000.0, "views": 1535375, "good": 1202, "bad": null, "comment_count": 0}}, {"model": "backend_app.music", "pk": "o6wtDPVkKqI", "fields": {"title": "「残酷な天使のテーゼ」MUSIC VIDEO（HDver.）/Zankoku na Tenshi no Te-ze“The Cruel Angel's Thesis”", "url": "https://www.youtube.com/watch?v=o6wtDPVkKqI", "position_x": 1000000000.0, "position_y": 3000000000.0, "views": 52225101, "good": 570927, "bad": null, "comment_count": 24113}}, {"model": "backend_app.music", "pk": "papuvlVeZg8", "fields": {"title": "Clean Bandit - Rockabye (feat. Sean Paul & Anne-Marie) [Official Video]", "url": "https://www.youtube.com/watch?v=papuvlVeZg8", "position_x": 1000000000.0, "position_y": 3000000000.0, "views": 2817430206, "good": 13613516, "bad": null, "comment_count": 302848}}, {"model": "backend_app.music", "pk": "pcKR0LPwoYs", "fields": {"title": "[도깨비 OST Part 1] 찬열, 펀치 (CHANYEOL, PUNCH) - Stay With Me MV", "url": "https://www.youtube.com/watch?v=pcKR0LPwoYs", "position_x": 1000000000.0, "position_y": 3000000000.0, "views": 440408945, "good": 4069750, "bad": null, "comment_count": 128751}}, {"model": "backend_app.music", "pk": "qDL3zhB8-MM", "fields": {"title": "「ツバメ」/ YOASOBI with ミドリーズ Official Music Video", "url": "https://www.youtube.com/watch?v=qDL3zhB8-MM", "position_x": 1000000000.0, "position_y": 3000000000.0, "views": 22109289, "good": 209763, "bad": null, "comment_count": 4359}}, {"model": "backend_app.music", "pk": "rOU4YiuaxAM", "fields": {"title": "BUMP OF CHICKEN「Hello,world!」", "url": "https://www.youtube.com/watch?v=rOU4YiuaxAM", "position_x": 1000000000.0, "position_y": 3000000000.0, "views": 70838415, "good": 343991, "bad": null, "comment_count": 7554}}, {"model": "backend_app.music", "pk": "thQWqRDZj7E", "fields": {"title": "バッハ「G線上のアリア」　Bach \"Air on G String\"", "url": "https://www.youtube.com/watch?v=thQWqRDZj7E", "position_x": 1600.0, "position_y": -1600.0, "views": 25454772, "good": 60590, "bad": null, "comment_count": 4003}}, {"model": "backend_app.music", "pk": "vZUyKVE9dus", "fields": {"title": "milet×MAN WITH A MISSION「コイコガレ」MUSIC VIDEO(テレビアニメ「鬼滅の刃」刀鍛冶の里編 エンディングテーマ)", "url": "https://www.youtube.com/watch?v=vZUyKVE9dus", "position_x": 1000000000.0, "position_y": 3000000000.0, "views": 15194842, "good": 86738, "bad": null, "comment_count": 2037}}, {"model": "backend_app.music", "pk": "vq8Bfs5qqbY", "fields": {"title": "チグハグ", "url": "https://www.youtube.com/watch?v=vq8Bfs5qqbY", "position_x": 1000000000.0, "position_y": 3000000000.0, "views": 3587282, "good": 24611, "bad": null, "comment_count": 0}}, {"model": "backend_app.music", "pk": "wYTn4kHAnzw", "fields": {"title": "でんしゃだいすき！【いないいないばあソング】電車アニメーション/Japanese song", "url": "https://www.youtube.com/watch?v=wYTn4kHAnzw", "position_x": 1000000000.0, "position_y": 3000000000.0, "views": 32290, "good": 59, "bad": null, "comment_count": 0}}, {"model": "backend_app.music", "pk": "yGGmmYFpR4o", "fields": {"title": "♪はたらくくるま3〈振り付き〉- ♪のりもの　あつまれ　いろんな　くるま〜", "url": "https://www.youtube.com/watch?v=yGGmmYFpR4o", "position_x": 1000000000.0, "position_y": 3000000000.0, "views": 12420610, "good": 9309, "bad": null, "comment_count": 0}}]